id,cv,cv_IC,ch,ch_IC,f,f_IC,s,s_IC,n,n_IN,lm,lm_IC
0,V1,h_first,V1,h_first,V1,h_first,V1,h_first,V1,SoA,V1,h_first
1,V1,h_first,V1,h_first,V1,h_first,V1,h_first,V1,SoA,V2,h_first
2,V1,h_first,V1,h_first,V1,h_first,V1,h_first,V1,SoA,V6,v_first
3,V1,h_first,V1,h_first,V1,h_first,V1,h_first,V2,AoS,V1,h_first
4,V1,h_first,V1,h_first,V1,h_first,V1,h_first,V2,AoS,V2,h_first
5,V1,h_first,V1,h_first,V1,h_first,V1,h_first,V2,AoS,V6,v_first
6,V1,h_first,V1,h_first,V1,h_first,V1,h_first,V6,AoS,V1,h_first
7,V1,h_first,V1,h_first,V1,h_first,V1,h_first,V6,AoS,V2,h_first
8,V1,h_first,V1,h_first,V1,h_first,V1,h_first,V6,AoS,V6,v_first
9,V1,h_first,V1,h_first,V1,h_first,V2,h_first,V1,SoA,V1,h_first
10,V1,h_first,V1,h_first,V1,h_first,V2,h_first,V1,SoA,V2,h_first
11,V1,h_first,V1,h_first,V1,h_first,V2,h_first,V1,SoA,V6,v_first
12,V1,h_first,V1,h_first,V1,h_first,V2,h_first,V2,AoS,V1,h_first
13,V1,h_first,V1,h_first,V1,h_first,V2,h_first,V2,AoS,V2,h_first
14,V1,h_first,V1,h_first,V1,h_first,V2,h_first,V2,AoS,V6,v_first
15,V1,h_first,V1,h_first,V1,h_first,V2,h_first,V6,AoS,V1,h_first
16,V1,h_first,V1,h_first,V1,h_first,V2,h_first,V6,AoS,V2,h_first
17,V1,h_first,V1,h_first,V1,h_first,V2,h_first,V6,AoS,V6,v_first
18,V1,h_first,V1,h_first,V1,h_first,V6,v_first,V1,SoA,V1,h_first
19,V1,h_first,V1,h_first,V1,h_first,V6,v_first,V1,SoA,V2,h_first
20,V1,h_first,V1,h_first,V1,h_first,V6,v_first,V1,SoA,V6,v_first
21,V1,h_first,V1,h_first,V1,h_first,V6,v_first,V2,AoS,V1,h_first
22,V1,h_first,V1,h_first,V1,h_first,V6,v_first,V2,AoS,V2,h_first
23,V1,h_first,V1,h_first,V1,h_first,V6,v_first,V2,AoS,V6,v_first
24,V1,h_first,V1,h_first,V1,h_first,V6,v_first,V6,AoS,V1,h_first
25,V1,h_first,V1,h_first,V1,h_first,V6,v_first,V6,AoS,V2,h_first
26,V1,h_first,V1,h_first,V1,h_first,V6,v_first,V6,AoS,V6,v_first
27,V1,h_first,V1,h_first,V2,h_first,V1,h_first,V1,SoA,V1,h_first
28,V1,h_first,V1,h_first,V2,h_first,V1,h_first,V1,SoA,V2,h_first
29,V1,h_first,V1,h_first,V2,h_first,V1,h_first,V1,SoA,V6,v_first
30,V1,h_first,V1,h_first,V2,h_first,V1,h_first,V2,AoS,V1,h_first
31,V1,h_first,V1,h_first,V2,h_first,V1,h_first,V2,AoS,V2,h_first
32,V1,h_first,V1,h_first,V2,h_first,V1,h_first,V2,AoS,V6,v_first
33,V1,h_first,V1,h_first,V2,h_first,V1,h_first,V6,AoS,V1,h_first
34,V1,h_first,V1,h_first,V2,h_first,V1,h_first,V6,AoS,V2,h_first
35,V1,h_first,V1,h_first,V2,h_first,V1,h_first,V6,AoS,V6,v_first
36,V1,h_first,V1,h_first,V2,h_first,V2,h_first,V1,SoA,V1,h_first
37,V1,h_first,V1,h_first,V2,h_first,V2,h_first,V1,SoA,V2,h_first
38,V1,h_first,V1,h_first,V2,h_first,V2,h_first,V1,SoA,V6,v_first
39,V1,h_first,V1,h_first,V2,h_first,V2,h_first,V2,AoS,V1,h_first
40,V1,h_first,V1,h_first,V2,h_first,V2,h_first,V2,AoS,V2,h_first
41,V1,h_first,V1,h_first,V2,h_first,V2,h_first,V2,AoS,V6,v_first
42,V1,h_first,V1,h_first,V2,h_first,V2,h_first,V6,AoS,V1,h_first
43,V1,h_first,V1,h_first,V2,h_first,V2,h_first,V6,AoS,V2,h_first
44,V1,h_first,V1,h_first,V2,h_first,V2,h_first,V6,AoS,V6,v_first
45,V1,h_first,V1,h_first,V2,h_first,V6,v_first,V1,SoA,V1,h_first
46,V1,h_first,V1,h_first,V2,h_first,V6,v_first,V1,SoA,V2,h_first
47,V1,h_first,V1,h_first,V2,h_first,V6,v_first,V1,SoA,V6,v_first
48,V1,h_first,V1,h_first,V2,h_first,V6,v_first,V2,AoS,V1,h_first
49,V1,h_first,V1,h_first,V2,h_first,V6,v_first,V2,AoS,V2,h_first
50,V1,h_first,V1,h_first,V2,h_first,V6,v_first,V2,AoS,V6,v_first
51,V1,h_first,V1,h_first,V2,h_first,V6,v_first,V6,AoS,V1,h_first
52,V1,h_first,V1,h_first,V2,h_first,V6,v_first,V6,AoS,V2,h_first
53,V1,h_first,V1,h_first,V2,h_first,V6,v_first,V6,AoS,V6,v_first
54,V1,h_first,V1,h_first,V6,v_first,V1,h_first,V1,SoA,V1,h_first
55,V1,h_first,V1,h_first,V6,v_first,V1,h_first,V1,SoA,V2,h_first
56,V1,h_first,V1,h_first,V6,v_first,V1,h_first,V1,SoA,V6,v_first
57,V1,h_first,V1,h_first,V6,v_first,V1,h_first,V2,AoS,V1,h_first
58,V1,h_first,V1,h_first,V6,v_first,V1,h_first,V2,AoS,V2,h_first
59,V1,h_first,V1,h_first,V6,v_first,V1,h_first,V2,AoS,V6,v_first
60,V1,h_first,V1,h_first,V6,v_first,V1,h_first,V6,AoS,V1,h_first
61,V1,h_first,V1,h_first,V6,v_first,V1,h_first,V6,AoS,V2,h_first
62,V1,h_first,V1,h_first,V6,v_first,V1,h_first,V6,AoS,V6,v_first
63,V1,h_first,V1,h_first,V6,v_first,V2,h_first,V1,SoA,V1,h_first
64,V1,h_first,V1,h_first,V6,v_first,V2,h_first,V1,SoA,V2,h_first
65,V1,h_first,V1,h_first,V6,v_first,V2,h_first,V1,SoA,V6,v_first
66,V1,h_first,V1,h_first,V6,v_first,V2,h_first,V2,AoS,V1,h_first
67,V1,h_first,V1,h_first,V6,v_first,V2,h_first,V2,AoS,V2,h_first
68,V1,h_first,V1,h_first,V6,v_first,V2,h_first,V2,AoS,V6,v_first
69,V1,h_first,V1,h_first,V6,v_first,V2,h_first,V6,AoS,V1,h_first
70,V1,h_first,V1,h_first,V6,v_first,V2,h_first,V6,AoS,V2,h_first
71,V1,h_first,V1,h_first,V6,v_first,V2,h_first,V6,AoS,V6,v_first
72,V1,h_first,V1,h_first,V6,v_first,V6,v_first,V1,SoA,V1,h_first
73,V1,h_first,V1,h_first,V6,v_first,V6,v_first,V1,SoA,V2,h_first
74,V1,h_first,V1,h_first,V6,v_first,V6,v_first,V1,SoA,V6,v_first
75,V1,h_first,V1,h_first,V6,v_first,V6,v_first,V2,AoS,V1,h_first
76,V1,h_first,V1,h_first,V6,v_first,V6,v_first,V2,AoS,V2,h_first
77,V1,h_first,V1,h_first,V6,v_first,V6,v_first,V2,AoS,V6,v_first
78,V1,h_first,V1,h_first,V6,v_first,V6,v_first,V6,AoS,V1,h_first
79,V1,h_first,V1,h_first,V6,v_first,V6,v_first,V6,AoS,V2,h_first
80,V1,h_first,V1,h_first,V6,v_first,V6,v_first,V6,AoS,V6,v_first
81,V1,h_first,V2,h_first,V1,h_first,V1,h_first,V1,SoA,V1,h_first
82,V1,h_first,V2,h_first,V1,h_first,V1,h_first,V1,SoA,V2,h_first
83,V1,h_first,V2,h_first,V1,h_first,V1,h_first,V1,SoA,V6,v_first
84,V1,h_first,V2,h_first,V1,h_first,V1,h_first,V2,AoS,V1,h_first
85,V1,h_first,V2,h_first,V1,h_first,V1,h_first,V2,AoS,V2,h_first
86,V1,h_first,V2,h_first,V1,h_first,V1,h_first,V2,AoS,V6,v_first
87,V1,h_first,V2,h_first,V1,h_first,V1,h_first,V6,AoS,V1,h_first
88,V1,h_first,V2,h_first,V1,h_first,V1,h_first,V6,AoS,V2,h_first
89,V1,h_first,V2,h_first,V1,h_first,V1,h_first,V6,AoS,V6,v_first
90,V1,h_first,V2,h_first,V1,h_first,V2,h_first,V1,SoA,V1,h_first
91,V1,h_first,V2,h_first,V1,h_first,V2,h_first,V1,SoA,V2,h_first
92,V1,h_first,V2,h_first,V1,h_first,V2,h_first,V1,SoA,V6,v_first
93,V1,h_first,V2,h_first,V1,h_first,V2,h_first,V2,AoS,V1,h_first
94,V1,h_first,V2,h_first,V1,h_first,V2,h_first,V2,AoS,V2,h_first
95,V1,h_first,V2,h_first,V1,h_first,V2,h_first,V2,AoS,V6,v_first
96,V1,h_first,V2,h_first,V1,h_first,V2,h_first,V6,AoS,V1,h_first
97,V1,h_first,V2,h_first,V1,h_first,V2,h_first,V6,AoS,V2,h_first
98,V1,h_first,V2,h_first,V1,h_first,V2,h_first,V6,AoS,V6,v_first
99,V1,h_first,V2,h_first,V1,h_first,V6,v_first,V1,SoA,V1,h_first
100,V1,h_first,V2,h_first,V1,h_first,V6,v_first,V1,SoA,V2,h_first
101,V1,h_first,V2,h_first,V1,h_first,V6,v_first,V1,SoA,V6,v_first
102,V1,h_first,V2,h_first,V1,h_first,V6,v_first,V2,AoS,V1,h_first
103,V1,h_first,V2,h_first,V1,h_first,V6,v_first,V2,AoS,V2,h_first
104,V1,h_first,V2,h_first,V1,h_first,V6,v_first,V2,AoS,V6,v_first
105,V1,h_first,V2,h_first,V1,h_first,V6,v_first,V6,AoS,V1,h_first
106,V1,h_first,V2,h_first,V1,h_first,V6,v_first,V6,AoS,V2,h_first
107,V1,h_first,V2,h_first,V1,h_first,V6,v_first,V6,AoS,V6,v_first
108,V1,h_first,V2,h_first,V2,h_first,V1,h_first,V1,SoA,V1,h_first
109,V1,h_first,V2,h_first,V2,h_first,V1,h_first,V1,SoA,V2,h_first
110,V1,h_first,V2,h_first,V2,h_first,V1,h_first,V1,SoA,V6,v_first
111,V1,h_first,V2,h_first,V2,h_first,V1,h_first,V2,AoS,V1,h_first
112,V1,h_first,V2,h_first,V2,h_first,V1,h_first,V2,AoS,V2,h_first
113,V1,h_first,V2,h_first,V2,h_first,V1,h_first,V2,AoS,V6,v_first
114,V1,h_first,V2,h_first,V2,h_first,V1,h_first,V6,AoS,V1,h_first
115,V1,h_first,V2,h_first,V2,h_first,V1,h_first,V6,AoS,V2,h_first
116,V1,h_first,V2,h_first,V2,h_first,V1,h_first,V6,AoS,V6,v_first
117,V1,h_first,V2,h_first,V2,h_first,V2,h_first,V1,SoA,V1,h_first
118,V1,h_first,V2,h_first,V2,h_first,V2,h_first,V1,SoA,V2,h_first
119,V1,h_first,V2,h_first,V2,h_first,V2,h_first,V1,SoA,V6,v_first
120,V1,h_first,V2,h_first,V2,h_first,V2,h_first,V2,AoS,V1,h_first
121,V1,h_first,V2,h_first,V2,h_first,V2,h_first,V2,AoS,V2,h_first
122,V1,h_first,V2,h_first,V2,h_first,V2,h_first,V2,AoS,V6,v_first
123,V1,h_first,V2,h_first,V2,h_first,V2,h_first,V6,AoS,V1,h_first
124,V1,h_first,V2,h_first,V2,h_first,V2,h_first,V6,AoS,V2,h_first
125,V1,h_first,V2,h_first,V2,h_first,V2,h_first,V6,AoS,V6,v_first
126,V1,h_first,V2,h_first,V2,h_first,V6,v_first,V1,SoA,V1,h_first
127,V1,h_first,V2,h_first,V2,h_first,V6,v_first,V1,SoA,V2,h_first
128,V1,h_first,V2,h_first,V2,h_first,V6,v_first,V1,SoA,V6,v_first
129,V1,h_first,V2,h_first,V2,h_first,V6,v_first,V2,AoS,V1,h_first
130,V1,h_first,V2,h_first,V2,h_first,V6,v_first,V2,AoS,V2,h_first
131,V1,h_first,V2,h_first,V2,h_first,V6,v_first,V2,AoS,V6,v_first
132,V1,h_first,V2,h_first,V2,h_first,V6,v_first,V6,AoS,V1,h_first
133,V1,h_first,V2,h_first,V2,h_first,V6,v_first,V6,AoS,V2,h_first
134,V1,h_first,V2,h_first,V2,h_first,V6,v_first,V6,AoS,V6,v_first
135,V1,h_first,V2,h_first,V6,v_first,V1,h_first,V1,SoA,V1,h_first
136,V1,h_first,V2,h_first,V6,v_first,V1,h_first,V1,SoA,V2,h_first
137,V1,h_first,V2,h_first,V6,v_first,V1,h_first,V1,SoA,V6,v_first
138,V1,h_first,V2,h_first,V6,v_first,V1,h_first,V2,AoS,V1,h_first
139,V1,h_first,V2,h_first,V6,v_first,V1,h_first,V2,AoS,V2,h_first
140,V1,h_first,V2,h_first,V6,v_first,V1,h_first,V2,AoS,V6,v_first
141,V1,h_first,V2,h_first,V6,v_first,V1,h_first,V6,AoS,V1,h_first
142,V1,h_first,V2,h_first,V6,v_first,V1,h_first,V6,AoS,V2,h_first
143,V1,h_first,V2,h_first,V6,v_first,V1,h_first,V6,AoS,V6,v_first
144,V1,h_first,V2,h_first,V6,v_first,V2,h_first,V1,SoA,V1,h_first
145,V1,h_first,V2,h_first,V6,v_first,V2,h_first,V1,SoA,V2,h_first
146,V1,h_first,V2,h_first,V6,v_first,V2,h_first,V1,SoA,V6,v_first
147,V1,h_first,V2,h_first,V6,v_first,V2,h_first,V2,AoS,V1,h_first
148,V1,h_first,V2,h_first,V6,v_first,V2,h_first,V2,AoS,V2,h_first
149,V1,h_first,V2,h_first,V6,v_first,V2,h_first,V2,AoS,V6,v_first
150,V1,h_first,V2,h_first,V6,v_first,V2,h_first,V6,AoS,V1,h_first
151,V1,h_first,V2,h_first,V6,v_first,V2,h_first,V6,AoS,V2,h_first
152,V1,h_first,V2,h_first,V6,v_first,V2,h_first,V6,AoS,V6,v_first
153,V1,h_first,V2,h_first,V6,v_first,V6,v_first,V1,SoA,V1,h_first
154,V1,h_first,V2,h_first,V6,v_first,V6,v_first,V1,SoA,V2,h_first
155,V1,h_first,V2,h_first,V6,v_first,V6,v_first,V1,SoA,V6,v_first
156,V1,h_first,V2,h_first,V6,v_first,V6,v_first,V2,AoS,V1,h_first
157,V1,h_first,V2,h_first,V6,v_first,V6,v_first,V2,AoS,V2,h_first
158,V1,h_first,V2,h_first,V6,v_first,V6,v_first,V2,AoS,V6,v_first
159,V1,h_first,V2,h_first,V6,v_first,V6,v_first,V6,AoS,V1,h_first
160,V1,h_first,V2,h_first,V6,v_first,V6,v_first,V6,AoS,V2,h_first
161,V1,h_first,V2,h_first,V6,v_first,V6,v_first,V6,AoS,V6,v_first
162,V1,h_first,V6,v_first,V1,h_first,V1,h_first,V1,SoA,V1,h_first
163,V1,h_first,V6,v_first,V1,h_first,V1,h_first,V1,SoA,V2,h_first
164,V1,h_first,V6,v_first,V1,h_first,V1,h_first,V1,SoA,V6,v_first
165,V1,h_first,V6,v_first,V1,h_first,V1,h_first,V2,AoS,V1,h_first
166,V1,h_first,V6,v_first,V1,h_first,V1,h_first,V2,AoS,V2,h_first
167,V1,h_first,V6,v_first,V1,h_first,V1,h_first,V2,AoS,V6,v_first
168,V1,h_first,V6,v_first,V1,h_first,V1,h_first,V6,AoS,V1,h_first
169,V1,h_first,V6,v_first,V1,h_first,V1,h_first,V6,AoS,V2,h_first
170,V1,h_first,V6,v_first,V1,h_first,V1,h_first,V6,AoS,V6,v_first
171,V1,h_first,V6,v_first,V1,h_first,V2,h_first,V1,SoA,V1,h_first
172,V1,h_first,V6,v_first,V1,h_first,V2,h_first,V1,SoA,V2,h_first
173,V1,h_first,V6,v_first,V1,h_first,V2,h_first,V1,SoA,V6,v_first
174,V1,h_first,V6,v_first,V1,h_first,V2,h_first,V2,AoS,V1,h_first
175,V1,h_first,V6,v_first,V1,h_first,V2,h_first,V2,AoS,V2,h_first
176,V1,h_first,V6,v_first,V1,h_first,V2,h_first,V2,AoS,V6,v_first
177,V1,h_first,V6,v_first,V1,h_first,V2,h_first,V6,AoS,V1,h_first
178,V1,h_first,V6,v_first,V1,h_first,V2,h_first,V6,AoS,V2,h_first
179,V1,h_first,V6,v_first,V1,h_first,V2,h_first,V6,AoS,V6,v_first
180,V1,h_first,V6,v_first,V1,h_first,V6,v_first,V1,SoA,V1,h_first
181,V1,h_first,V6,v_first,V1,h_first,V6,v_first,V1,SoA,V2,h_first
182,V1,h_first,V6,v_first,V1,h_first,V6,v_first,V1,SoA,V6,v_first
183,V1,h_first,V6,v_first,V1,h_first,V6,v_first,V2,AoS,V1,h_first
184,V1,h_first,V6,v_first,V1,h_first,V6,v_first,V2,AoS,V2,h_first
185,V1,h_first,V6,v_first,V1,h_first,V6,v_first,V2,AoS,V6,v_first
186,V1,h_first,V6,v_first,V1,h_first,V6,v_first,V6,AoS,V1,h_first
187,V1,h_first,V6,v_first,V1,h_first,V6,v_first,V6,AoS,V2,h_first
188,V1,h_first,V6,v_first,V1,h_first,V6,v_first,V6,AoS,V6,v_first
189,V1,h_first,V6,v_first,V2,h_first,V1,h_first,V1,SoA,V1,h_first
190,V1,h_first,V6,v_first,V2,h_first,V1,h_first,V1,SoA,V2,h_first
191,V1,h_first,V6,v_first,V2,h_first,V1,h_first,V1,SoA,V6,v_first
192,V1,h_first,V6,v_first,V2,h_first,V1,h_first,V2,AoS,V1,h_first
193,V1,h_first,V6,v_first,V2,h_first,V1,h_first,V2,AoS,V2,h_first
194,V1,h_first,V6,v_first,V2,h_first,V1,h_first,V2,AoS,V6,v_first
195,V1,h_first,V6,v_first,V2,h_first,V1,h_first,V6,AoS,V1,h_first
196,V1,h_first,V6,v_first,V2,h_first,V1,h_first,V6,AoS,V2,h_first
197,V1,h_first,V6,v_first,V2,h_first,V1,h_first,V6,AoS,V6,v_first
198,V1,h_first,V6,v_first,V2,h_first,V2,h_first,V1,SoA,V1,h_first
199,V1,h_first,V6,v_first,V2,h_first,V2,h_first,V1,SoA,V2,h_first
200,V1,h_first,V6,v_first,V2,h_first,V2,h_first,V1,SoA,V6,v_first
201,V1,h_first,V6,v_first,V2,h_first,V2,h_first,V2,AoS,V1,h_first
202,V1,h_first,V6,v_first,V2,h_first,V2,h_first,V2,AoS,V2,h_first
203,V1,h_first,V6,v_first,V2,h_first,V2,h_first,V2,AoS,V6,v_first
204,V1,h_first,V6,v_first,V2,h_first,V2,h_first,V6,AoS,V1,h_first
205,V1,h_first,V6,v_first,V2,h_first,V2,h_first,V6,AoS,V2,h_first
206,V1,h_first,V6,v_first,V2,h_first,V2,h_first,V6,AoS,V6,v_first
207,V1,h_first,V6,v_first,V2,h_first,V6,v_first,V1,SoA,V1,h_first
208,V1,h_first,V6,v_first,V2,h_first,V6,v_first,V1,SoA,V2,h_first
209,V1,h_first,V6,v_first,V2,h_first,V6,v_first,V1,SoA,V6,v_first
210,V1,h_first,V6,v_first,V2,h_first,V6,v_first,V2,AoS,V1,h_first
211,V1,h_first,V6,v_first,V2,h_first,V6,v_first,V2,AoS,V2,h_first
212,V1,h_first,V6,v_first,V2,h_first,V6,v_first,V2,AoS,V6,v_first
213,V1,h_first,V6,v_first,V2,h_first,V6,v_first,V6,AoS,V1,h_first
214,V1,h_first,V6,v_first,V2,h_first,V6,v_first,V6,AoS,V2,h_first
215,V1,h_first,V6,v_first,V2,h_first,V6,v_first,V6,AoS,V6,v_first
216,V1,h_first,V6,v_first,V6,v_first,V1,h_first,V1,SoA,V1,h_first
217,V1,h_first,V6,v_first,V6,v_first,V1,h_first,V1,SoA,V2,h_first
218,V1,h_first,V6,v_first,V6,v_first,V1,h_first,V1,SoA,V6,v_first
219,V1,h_first,V6,v_first,V6,v_first,V1,h_first,V2,AoS,V1,h_first
220,V1,h_first,V6,v_first,V6,v_first,V1,h_first,V2,AoS,V2,h_first
221,V1,h_first,V6,v_first,V6,v_first,V1,h_first,V2,AoS,V6,v_first
222,V1,h_first,V6,v_first,V6,v_first,V1,h_first,V6,AoS,V1,h_first
223,V1,h_first,V6,v_first,V6,v_first,V1,h_first,V6,AoS,V2,h_first
224,V1,h_first,V6,v_first,V6,v_first,V1,h_first,V6,AoS,V6,v_first
225,V1,h_first,V6,v_first,V6,v_first,V2,h_first,V1,SoA,V1,h_first
226,V1,h_first,V6,v_first,V6,v_first,V2,h_first,V1,SoA,V2,h_first
227,V1,h_first,V6,v_first,V6,v_first,V2,h_first,V1,SoA,V6,v_first
228,V1,h_first,V6,v_first,V6,v_first,V2,h_first,V2,AoS,V1,h_first
229,V1,h_first,V6,v_first,V6,v_first,V2,h_first,V2,AoS,V2,h_first
230,V1,h_first,V6,v_first,V6,v_first,V2,h_first,V2,AoS,V6,v_first
231,V1,h_first,V6,v_first,V6,v_first,V2,h_first,V6,AoS,V1,h_first
232,V1,h_first,V6,v_first,V6,v_first,V2,h_first,V6,AoS,V2,h_first
233,V1,h_first,V6,v_first,V6,v_first,V2,h_first,V6,AoS,V6,v_first
234,V1,h_first,V6,v_first,V6,v_first,V6,v_first,V1,SoA,V1,h_first
235,V1,h_first,V6,v_first,V6,v_first,V6,v_first,V1,SoA,V2,h_first
236,V1,h_first,V6,v_first,V6,v_first,V6,v_first,V1,SoA,V6,v_first
237,V1,h_first,V6,v_first,V6,v_first,V6,v_first,V2,AoS,V1,h_first
238,V1,h_first,V6,v_first,V6,v_first,V6,v_first,V2,AoS,V2,h_first
239,V1,h_first,V6,v_first,V6,v_first,V6,v_first,V2,AoS,V6,v_first
240,V1,h_first,V6,v_first,V6,v_first,V6,v_first,V6,AoS,V1,h_first
241,V1,h_first,V6,v_first,V6,v_first,V6,v_first,V6,AoS,V2,h_first
242,V1,h_first,V6,v_first,V6,v_first,V6,v_first,V6,AoS,V6,v_first
243,V2,h_first,V1,h_first,V1,h_first,V1,h_first,V1,SoA,V1,h_first
244,V2,h_first,V1,h_first,V1,h_first,V1,h_first,V1,SoA,V2,h_first
245,V2,h_first,V1,h_first,V1,h_first,V1,h_first,V1,SoA,V6,v_first
246,V2,h_first,V1,h_first,V1,h_first,V1,h_first,V2,AoS,V1,h_first
247,V2,h_first,V1,h_first,V1,h_first,V1,h_first,V2,AoS,V2,h_first
248,V2,h_first,V1,h_first,V1,h_first,V1,h_first,V2,AoS,V6,v_first
249,V2,h_first,V1,h_first,V1,h_first,V1,h_first,V6,AoS,V1,h_first
250,V2,h_first,V1,h_first,V1,h_first,V1,h_first,V6,AoS,V2,h_first
251,V2,h_first,V1,h_first,V1,h_first,V1,h_first,V6,AoS,V6,v_first
252,V2,h_first,V1,h_first,V1,h_first,V2,h_first,V1,SoA,V1,h_first
253,V2,h_first,V1,h_first,V1,h_first,V2,h_first,V1,SoA,V2,h_first
254,V2,h_first,V1,h_first,V1,h_first,V2,h_first,V1,SoA,V6,v_first
255,V2,h_first,V1,h_first,V1,h_first,V2,h_first,V2,AoS,V1,h_first
256,V2,h_first,V1,h_first,V1,h_first,V2,h_first,V2,AoS,V2,h_first
257,V2,h_first,V1,h_first,V1,h_first,V2,h_first,V2,AoS,V6,v_first
258,V2,h_first,V1,h_first,V1,h_first,V2,h_first,V6,AoS,V1,h_first
259,V2,h_first,V1,h_first,V1,h_first,V2,h_first,V6,AoS,V2,h_first
260,V2,h_first,V1,h_first,V1,h_first,V2,h_first,V6,AoS,V6,v_first
261,V2,h_first,V1,h_first,V1,h_first,V6,v_first,V1,SoA,V1,h_first
262,V2,h_first,V1,h_first,V1,h_first,V6,v_first,V1,SoA,V2,h_first
263,V2,h_first,V1,h_first,V1,h_first,V6,v_first,V1,SoA,V6,v_first
264,V2,h_first,V1,h_first,V1,h_first,V6,v_first,V2,AoS,V1,h_first
265,V2,h_first,V1,h_first,V1,h_first,V6,v_first,V2,AoS,V2,h_first
266,V2,h_first,V1,h_first,V1,h_first,V6,v_first,V2,AoS,V6,v_first
267,V2,h_first,V1,h_first,V1,h_first,V6,v_first,V6,AoS,V1,h_first
268,V2,h_first,V1,h_first,V1,h_first,V6,v_first,V6,AoS,V2,h_first
269,V2,h_first,V1,h_first,V1,h_first,V6,v_first,V6,AoS,V6,v_first
270,V2,h_first,V1,h_first,V2,h_first,V1,h_first,V1,SoA,V1,h_first
271,V2,h_first,V1,h_first,V2,h_first,V1,h_first,V1,SoA,V2,h_first
272,V2,h_first,V1,h_first,V2,h_first,V1,h_first,V1,SoA,V6,v_first
273,V2,h_first,V1,h_first,V2,h_first,V1,h_first,V2,AoS,V1,h_first
274,V2,h_first,V1,h_first,V2,h_first,V1,h_first,V2,AoS,V2,h_first
275,V2,h_first,V1,h_first,V2,h_first,V1,h_first,V2,AoS,V6,v_first
276,V2,h_first,V1,h_first,V2,h_first,V1,h_first,V6,AoS,V1,h_first
277,V2,h_first,V1,h_first,V2,h_first,V1,h_first,V6,AoS,V2,h_first
278,V2,h_first,V1,h_first,V2,h_first,V1,h_first,V6,AoS,V6,v_first
279,V2,h_first,V1,h_first,V2,h_first,V2,h_first,V1,SoA,V1,h_first
280,V2,h_first,V1,h_first,V2,h_first,V2,h_first,V1,SoA,V2,h_first
281,V2,h_first,V1,h_first,V2,h_first,V2,h_first,V1,SoA,V6,v_first
282,V2,h_first,V1,h_first,V2,h_first,V2,h_first,V2,AoS,V1,h_first
283,V2,h_first,V1,h_first,V2,h_first,V2,h_first,V2,AoS,V2,h_first
284,V2,h_first,V1,h_first,V2,h_first,V2,h_first,V2,AoS,V6,v_first
285,V2,h_first,V1,h_first,V2,h_first,V2,h_first,V6,AoS,V1,h_first
286,V2,h_first,V1,h_first,V2,h_first,V2,h_first,V6,AoS,V2,h_first
287,V2,h_first,V1,h_first,V2,h_first,V2,h_first,V6,AoS,V6,v_first
288,V2,h_first,V1,h_first,V2,h_first,V6,v_first,V1,SoA,V1,h_first
289,V2,h_first,V1,h_first,V2,h_first,V6,v_first,V1,SoA,V2,h_first
290,V2,h_first,V1,h_first,V2,h_first,V6,v_first,V1,SoA,V6,v_first
291,V2,h_first,V1,h_first,V2,h_first,V6,v_first,V2,AoS,V1,h_first
292,V2,h_first,V1,h_first,V2,h_first,V6,v_first,V2,AoS,V2,h_first
293,V2,h_first,V1,h_first,V2,h_first,V6,v_first,V2,AoS,V6,v_first
294,V2,h_first,V1,h_first,V2,h_first,V6,v_first,V6,AoS,V1,h_first
295,V2,h_first,V1,h_first,V2,h_first,V6,v_first,V6,AoS,V2,h_first
296,V2,h_first,V1,h_first,V2,h_first,V6,v_first,V6,AoS,V6,v_first
297,V2,h_first,V1,h_first,V6,v_first,V1,h_first,V1,SoA,V1,h_first
298,V2,h_first,V1,h_first,V6,v_first,V1,h_first,V1,SoA,V2,h_first
299,V2,h_first,V1,h_first,V6,v_first,V1,h_first,V1,SoA,V6,v_first
300,V2,h_first,V1,h_first,V6,v_first,V1,h_first,V2,AoS,V1,h_first
301,V2,h_first,V1,h_first,V6,v_first,V1,h_first,V2,AoS,V2,h_first
302,V2,h_first,V1,h_first,V6,v_first,V1,h_first,V2,AoS,V6,v_first
303,V2,h_first,V1,h_first,V6,v_first,V1,h_first,V6,AoS,V1,h_first
304,V2,h_first,V1,h_first,V6,v_first,V1,h_first,V6,AoS,V2,h_first
305,V2,h_first,V1,h_first,V6,v_first,V1,h_first,V6,AoS,V6,v_first
306,V2,h_first,V1,h_first,V6,v_first,V2,h_first,V1,SoA,V1,h_first
307,V2,h_first,V1,h_first,V6,v_first,V2,h_first,V1,SoA,V2,h_first
308,V2,h_first,V1,h_first,V6,v_first,V2,h_first,V1,SoA,V6,v_first
309,V2,h_first,V1,h_first,V6,v_first,V2,h_first,V2,AoS,V1,h_first
310,V2,h_first,V1,h_first,V6,v_first,V2,h_first,V2,AoS,V2,h_first
311,V2,h_first,V1,h_first,V6,v_first,V2,h_first,V2,AoS,V6,v_first
312,V2,h_first,V1,h_first,V6,v_first,V2,h_first,V6,AoS,V1,h_first
313,V2,h_first,V1,h_first,V6,v_first,V2,h_first,V6,AoS,V2,h_first
314,V2,h_first,V1,h_first,V6,v_first,V2,h_first,V6,AoS,V6,v_first
315,V2,h_first,V1,h_first,V6,v_first,V6,v_first,V1,SoA,V1,h_first
316,V2,h_first,V1,h_first,V6,v_first,V6,v_first,V1,SoA,V2,h_first
317,V2,h_first,V1,h_first,V6,v_first,V6,v_first,V1,SoA,V6,v_first
318,V2,h_first,V1,h_first,V6,v_first,V6,v_first,V2,AoS,V1,h_first
319,V2,h_first,V1,h_first,V6,v_first,V6,v_first,V2,AoS,V2,h_first
320,V2,h_first,V1,h_first,V6,v_first,V6,v_first,V2,AoS,V6,v_first
321,V2,h_first,V1,h_first,V6,v_first,V6,v_first,V6,AoS,V1,h_first
322,V2,h_first,V1,h_first,V6,v_first,V6,v_first,V6,AoS,V2,h_first
323,V2,h_first,V1,h_first,V6,v_first,V6,v_first,V6,AoS,V6,v_first
324,V2,h_first,V2,h_first,V1,h_first,V1,h_first,V1,SoA,V1,h_first
325,V2,h_first,V2,h_first,V1,h_first,V1,h_first,V1,SoA,V2,h_first
326,V2,h_first,V2,h_first,V1,h_first,V1,h_first,V1,SoA,V6,v_first
327,V2,h_first,V2,h_first,V1,h_first,V1,h_first,V2,AoS,V1,h_first
328,V2,h_first,V2,h_first,V1,h_first,V1,h_first,V2,AoS,V2,h_first
329,V2,h_first,V2,h_first,V1,h_first,V1,h_first,V2,AoS,V6,v_first
330,V2,h_first,V2,h_first,V1,h_first,V1,h_first,V6,AoS,V1,h_first
331,V2,h_first,V2,h_first,V1,h_first,V1,h_first,V6,AoS,V2,h_first
332,V2,h_first,V2,h_first,V1,h_first,V1,h_first,V6,AoS,V6,v_first
333,V2,h_first,V2,h_first,V1,h_first,V2,h_first,V1,SoA,V1,h_first
334,V2,h_first,V2,h_first,V1,h_first,V2,h_first,V1,SoA,V2,h_first
335,V2,h_first,V2,h_first,V1,h_first,V2,h_first,V1,SoA,V6,v_first
336,V2,h_first,V2,h_first,V1,h_first,V2,h_first,V2,AoS,V1,h_first
337,V2,h_first,V2,h_first,V1,h_first,V2,h_first,V2,AoS,V2,h_first
338,V2,h_first,V2,h_first,V1,h_first,V2,h_first,V2,AoS,V6,v_first
339,V2,h_first,V2,h_first,V1,h_first,V2,h_first,V6,AoS,V1,h_first
340,V2,h_first,V2,h_first,V1,h_first,V2,h_first,V6,AoS,V2,h_first
341,V2,h_first,V2,h_first,V1,h_first,V2,h_first,V6,AoS,V6,v_first
342,V2,h_first,V2,h_first,V1,h_first,V6,v_first,V1,SoA,V1,h_first
343,V2,h_first,V2,h_first,V1,h_first,V6,v_first,V1,SoA,V2,h_first
344,V2,h_first,V2,h_first,V1,h_first,V6,v_first,V1,SoA,V6,v_first
345,V2,h_first,V2,h_first,V1,h_first,V6,v_first,V2,AoS,V1,h_first
346,V2,h_first,V2,h_first,V1,h_first,V6,v_first,V2,AoS,V2,h_first
347,V2,h_first,V2,h_first,V1,h_first,V6,v_first,V2,AoS,V6,v_first
348,V2,h_first,V2,h_first,V1,h_first,V6,v_first,V6,AoS,V1,h_first
349,V2,h_first,V2,h_first,V1,h_first,V6,v_first,V6,AoS,V2,h_first
350,V2,h_first,V2,h_first,V1,h_first,V6,v_first,V6,AoS,V6,v_first
351,V2,h_first,V2,h_first,V2,h_first,V1,h_first,V1,SoA,V1,h_first
352,V2,h_first,V2,h_first,V2,h_first,V1,h_first,V1,SoA,V2,h_first
353,V2,h_first,V2,h_first,V2,h_first,V1,h_first,V1,SoA,V6,v_first
354,V2,h_first,V2,h_first,V2,h_first,V1,h_first,V2,AoS,V1,h_first
355,V2,h_first,V2,h_first,V2,h_first,V1,h_first,V2,AoS,V2,h_first
356,V2,h_first,V2,h_first,V2,h_first,V1,h_first,V2,AoS,V6,v_first
357,V2,h_first,V2,h_first,V2,h_first,V1,h_first,V6,AoS,V1,h_first
358,V2,h_first,V2,h_first,V2,h_first,V1,h_first,V6,AoS,V2,h_first
359,V2,h_first,V2,h_first,V2,h_first,V1,h_first,V6,AoS,V6,v_first
360,V2,h_first,V2,h_first,V2,h_first,V2,h_first,V1,SoA,V1,h_first
361,V2,h_first,V2,h_first,V2,h_first,V2,h_first,V1,SoA,V2,h_first
362,V2,h_first,V2,h_first,V2,h_first,V2,h_first,V1,SoA,V6,v_first
363,V2,h_first,V2,h_first,V2,h_first,V2,h_first,V2,AoS,V1,h_first
364,V2,h_first,V2,h_first,V2,h_first,V2,h_first,V2,AoS,V2,h_first
365,V2,h_first,V2,h_first,V2,h_first,V2,h_first,V2,AoS,V6,v_first
366,V2,h_first,V2,h_first,V2,h_first,V2,h_first,V6,AoS,V1,h_first
367,V2,h_first,V2,h_first,V2,h_first,V2,h_first,V6,AoS,V2,h_first
368,V2,h_first,V2,h_first,V2,h_first,V2,h_first,V6,AoS,V6,v_first
369,V2,h_first,V2,h_first,V2,h_first,V6,v_first,V1,SoA,V1,h_first
370,V2,h_first,V2,h_first,V2,h_first,V6,v_first,V1,SoA,V2,h_first
371,V2,h_first,V2,h_first,V2,h_first,V6,v_first,V1,SoA,V6,v_first
372,V2,h_first,V2,h_first,V2,h_first,V6,v_first,V2,AoS,V1,h_first
373,V2,h_first,V2,h_first,V2,h_first,V6,v_first,V2,AoS,V2,h_first
374,V2,h_first,V2,h_first,V2,h_first,V6,v_first,V2,AoS,V6,v_first
375,V2,h_first,V2,h_first,V2,h_first,V6,v_first,V6,AoS,V1,h_first
376,V2,h_first,V2,h_first,V2,h_first,V6,v_first,V6,AoS,V2,h_first
377,V2,h_first,V2,h_first,V2,h_first,V6,v_first,V6,AoS,V6,v_first
378,V2,h_first,V2,h_first,V6,v_first,V1,h_first,V1,SoA,V1,h_first
379,V2,h_first,V2,h_first,V6,v_first,V1,h_first,V1,SoA,V2,h_first
380,V2,h_first,V2,h_first,V6,v_first,V1,h_first,V1,SoA,V6,v_first
381,V2,h_first,V2,h_first,V6,v_first,V1,h_first,V2,AoS,V1,h_first
382,V2,h_first,V2,h_first,V6,v_first,V1,h_first,V2,AoS,V2,h_first
383,V2,h_first,V2,h_first,V6,v_first,V1,h_first,V2,AoS,V6,v_first
384,V2,h_first,V2,h_first,V6,v_first,V1,h_first,V6,AoS,V1,h_first
385,V2,h_first,V2,h_first,V6,v_first,V1,h_first,V6,AoS,V2,h_first
386,V2,h_first,V2,h_first,V6,v_first,V1,h_first,V6,AoS,V6,v_first
387,V2,h_first,V2,h_first,V6,v_first,V2,h_first,V1,SoA,V1,h_first
388,V2,h_first,V2,h_first,V6,v_first,V2,h_first,V1,SoA,V2,h_first
389,V2,h_first,V2,h_first,V6,v_first,V2,h_first,V1,SoA,V6,v_first
390,V2,h_first,V2,h_first,V6,v_first,V2,h_first,V2,AoS,V1,h_first
391,V2,h_first,V2,h_first,V6,v_first,V2,h_first,V2,AoS,V2,h_first
392,V2,h_first,V2,h_first,V6,v_first,V2,h_first,V2,AoS,V6,v_first
393,V2,h_first,V2,h_first,V6,v_first,V2,h_first,V6,AoS,V1,h_first
394,V2,h_first,V2,h_first,V6,v_first,V2,h_first,V6,AoS,V2,h_first
395,V2,h_first,V2,h_first,V6,v_first,V2,h_first,V6,AoS,V6,v_first
396,V2,h_first,V2,h_first,V6,v_first,V6,v_first,V1,SoA,V1,h_first
397,V2,h_first,V2,h_first,V6,v_first,V6,v_first,V1,SoA,V2,h_first
398,V2,h_first,V2,h_first,V6,v_first,V6,v_first,V1,SoA,V6,v_first
399,V2,h_first,V2,h_first,V6,v_first,V6,v_first,V2,AoS,V1,h_first
400,V2,h_first,V2,h_first,V6,v_first,V6,v_first,V2,AoS,V2,h_first
401,V2,h_first,V2,h_first,V6,v_first,V6,v_first,V2,AoS,V6,v_first
402,V2,h_first,V2,h_first,V6,v_first,V6,v_first,V6,AoS,V1,h_first
403,V2,h_first,V2,h_first,V6,v_first,V6,v_first,V6,AoS,V2,h_first
404,V2,h_first,V2,h_first,V6,v_first,V6,v_first,V6,AoS,V6,v_first
405,V2,h_first,V6,v_first,V1,h_first,V1,h_first,V1,SoA,V1,h_first
406,V2,h_first,V6,v_first,V1,h_first,V1,h_first,V1,SoA,V2,h_first
407,V2,h_first,V6,v_first,V1,h_first,V1,h_first,V1,SoA,V6,v_first
408,V2,h_first,V6,v_first,V1,h_first,V1,h_first,V2,AoS,V1,h_first
409,V2,h_first,V6,v_first,V1,h_first,V1,h_first,V2,AoS,V2,h_first
410,V2,h_first,V6,v_first,V1,h_first,V1,h_first,V2,AoS,V6,v_first
411,V2,h_first,V6,v_first,V1,h_first,V1,h_first,V6,AoS,V1,h_first
412,V2,h_first,V6,v_first,V1,h_first,V1,h_first,V6,AoS,V2,h_first
413,V2,h_first,V6,v_first,V1,h_first,V1,h_first,V6,AoS,V6,v_first
414,V2,h_first,V6,v_first,V1,h_first,V2,h_first,V1,SoA,V1,h_first
415,V2,h_first,V6,v_first,V1,h_first,V2,h_first,V1,SoA,V2,h_first
416,V2,h_first,V6,v_first,V1,h_first,V2,h_first,V1,SoA,V6,v_first
417,V2,h_first,V6,v_first,V1,h_first,V2,h_first,V2,AoS,V1,h_first
418,V2,h_first,V6,v_first,V1,h_first,V2,h_first,V2,AoS,V2,h_first
419,V2,h_first,V6,v_first,V1,h_first,V2,h_first,V2,AoS,V6,v_first
420,V2,h_first,V6,v_first,V1,h_first,V2,h_first,V6,AoS,V1,h_first
421,V2,h_first,V6,v_first,V1,h_first,V2,h_first,V6,AoS,V2,h_first
422,V2,h_first,V6,v_first,V1,h_first,V2,h_first,V6,AoS,V6,v_first
423,V2,h_first,V6,v_first,V1,h_first,V6,v_first,V1,SoA,V1,h_first
424,V2,h_first,V6,v_first,V1,h_first,V6,v_first,V1,SoA,V2,h_first
425,V2,h_first,V6,v_first,V1,h_first,V6,v_first,V1,SoA,V6,v_first
426,V2,h_first,V6,v_first,V1,h_first,V6,v_first,V2,AoS,V1,h_first
427,V2,h_first,V6,v_first,V1,h_first,V6,v_first,V2,AoS,V2,h_first
428,V2,h_first,V6,v_first,V1,h_first,V6,v_first,V2,AoS,V6,v_first
429,V2,h_first,V6,v_first,V1,h_first,V6,v_first,V6,AoS,V1,h_first
430,V2,h_first,V6,v_first,V1,h_first,V6,v_first,V6,AoS,V2,h_first
431,V2,h_first,V6,v_first,V1,h_first,V6,v_first,V6,AoS,V6,v_first
432,V2,h_first,V6,v_first,V2,h_first,V1,h_first,V1,SoA,V1,h_first
433,V2,h_first,V6,v_first,V2,h_first,V1,h_first,V1,SoA,V2,h_first
434,V2,h_first,V6,v_first,V2,h_first,V1,h_first,V1,SoA,V6,v_first
435,V2,h_first,V6,v_first,V2,h_first,V1,h_first,V2,AoS,V1,h_first
436,V2,h_first,V6,v_first,V2,h_first,V1,h_first,V2,AoS,V2,h_first
437,V2,h_first,V6,v_first,V2,h_first,V1,h_first,V2,AoS,V6,v_first
438,V2,h_first,V6,v_first,V2,h_first,V1,h_first,V6,AoS,V1,h_first
439,V2,h_first,V6,v_first,V2,h_first,V1,h_first,V6,AoS,V2,h_first
440,V2,h_first,V6,v_first,V2,h_first,V1,h_first,V6,AoS,V6,v_first
441,V2,h_first,V6,v_first,V2,h_first,V2,h_first,V1,SoA,V1,h_first
442,V2,h_first,V6,v_first,V2,h_first,V2,h_first,V1,SoA,V2,h_first
443,V2,h_first,V6,v_first,V2,h_first,V2,h_first,V1,SoA,V6,v_first
444,V2,h_first,V6,v_first,V2,h_first,V2,h_first,V2,AoS,V1,h_first
445,V2,h_first,V6,v_first,V2,h_first,V2,h_first,V2,AoS,V2,h_first
446,V2,h_first,V6,v_first,V2,h_first,V2,h_first,V2,AoS,V6,v_first
447,V2,h_first,V6,v_first,V2,h_first,V2,h_first,V6,AoS,V1,h_first
448,V2,h_first,V6,v_first,V2,h_first,V2,h_first,V6,AoS,V2,h_first
449,V2,h_first,V6,v_first,V2,h_first,V2,h_first,V6,AoS,V6,v_first
450,V2,h_first,V6,v_first,V2,h_first,V6,v_first,V1,SoA,V1,h_first
451,V2,h_first,V6,v_first,V2,h_first,V6,v_first,V1,SoA,V2,h_first
452,V2,h_first,V6,v_first,V2,h_first,V6,v_first,V1,SoA,V6,v_first
453,V2,h_first,V6,v_first,V2,h_first,V6,v_first,V2,AoS,V1,h_first
454,V2,h_first,V6,v_first,V2,h_first,V6,v_first,V2,AoS,V2,h_first
455,V2,h_first,V6,v_first,V2,h_first,V6,v_first,V2,AoS,V6,v_first
456,V2,h_first,V6,v_first,V2,h_first,V6,v_first,V6,AoS,V1,h_first
457,V2,h_first,V6,v_first,V2,h_first,V6,v_first,V6,AoS,V2,h_first
458,V2,h_first,V6,v_first,V2,h_first,V6,v_first,V6,AoS,V6,v_first
459,V2,h_first,V6,v_first,V6,v_first,V1,h_first,V1,SoA,V1,h_first
460,V2,h_first,V6,v_first,V6,v_first,V1,h_first,V1,SoA,V2,h_first
461,V2,h_first,V6,v_first,V6,v_first,V1,h_first,V1,SoA,V6,v_first
462,V2,h_first,V6,v_first,V6,v_first,V1,h_first,V2,AoS,V1,h_first
463,V2,h_first,V6,v_first,V6,v_first,V1,h_first,V2,AoS,V2,h_first
464,V2,h_first,V6,v_first,V6,v_first,V1,h_first,V2,AoS,V6,v_first
465,V2,h_first,V6,v_first,V6,v_first,V1,h_first,V6,AoS,V1,h_first
466,V2,h_first,V6,v_first,V6,v_first,V1,h_first,V6,AoS,V2,h_first
467,V2,h_first,V6,v_first,V6,v_first,V1,h_first,V6,AoS,V6,v_first
468,V2,h_first,V6,v_first,V6,v_first,V2,h_first,V1,SoA,V1,h_first
469,V2,h_first,V6,v_first,V6,v_first,V2,h_first,V1,SoA,V2,h_first
470,V2,h_first,V6,v_first,V6,v_first,V2,h_first,V1,SoA,V6,v_first
471,V2,h_first,V6,v_first,V6,v_first,V2,h_first,V2,AoS,V1,h_first
472,V2,h_first,V6,v_first,V6,v_first,V2,h_first,V2,AoS,V2,h_first
473,V2,h_first,V6,v_first,V6,v_first,V2,h_first,V2,AoS,V6,v_first
474,V2,h_first,V6,v_first,V6,v_first,V2,h_first,V6,AoS,V1,h_first
475,V2,h_first,V6,v_first,V6,v_first,V2,h_first,V6,AoS,V2,h_first
476,V2,h_first,V6,v_first,V6,v_first,V2,h_first,V6,AoS,V6,v_first
477,V2,h_first,V6,v_first,V6,v_first,V6,v_first,V1,SoA,V1,h_first
478,V2,h_first,V6,v_first,V6,v_first,V6,v_first,V1,SoA,V2,h_first
479,V2,h_first,V6,v_first,V6,v_first,V6,v_first,V1,SoA,V6,v_first
480,V2,h_first,V6,v_first,V6,v_first,V6,v_first,V2,AoS,V1,h_first
481,V2,h_first,V6,v_first,V6,v_first,V6,v_first,V2,AoS,V2,h_first
482,V2,h_first,V6,v_first,V6,v_first,V6,v_first,V2,AoS,V6,v_first
483,V2,h_first,V6,v_first,V6,v_first,V6,v_first,V6,AoS,V1,h_first
484,V2,h_first,V6,v_first,V6,v_first,V6,v_first,V6,AoS,V2,h_first
485,V2,h_first,V6,v_first,V6,v_first,V6,v_first,V6,AoS,V6,v_first
486,V6,v_first,V1,h_first,V1,h_first,V1,h_first,V1,SoA,V1,h_first
487,V6,v_first,V1,h_first,V1,h_first,V1,h_first,V1,SoA,V2,h_first
488,V6,v_first,V1,h_first,V1,h_first,V1,h_first,V1,SoA,V6,v_first
489,V6,v_first,V1,h_first,V1,h_first,V1,h_first,V2,AoS,V1,h_first
490,V6,v_first,V1,h_first,V1,h_first,V1,h_first,V2,AoS,V2,h_first
491,V6,v_first,V1,h_first,V1,h_first,V1,h_first,V2,AoS,V6,v_first
492,V6,v_first,V1,h_first,V1,h_first,V1,h_first,V6,AoS,V1,h_first
493,V6,v_first,V1,h_first,V1,h_first,V1,h_first,V6,AoS,V2,h_first
494,V6,v_first,V1,h_first,V1,h_first,V1,h_first,V6,AoS,V6,v_first
495,V6,v_first,V1,h_first,V1,h_first,V2,h_first,V1,SoA,V1,h_first
496,V6,v_first,V1,h_first,V1,h_first,V2,h_first,V1,SoA,V2,h_first
497,V6,v_first,V1,h_first,V1,h_first,V2,h_first,V1,SoA,V6,v_first
498,V6,v_first,V1,h_first,V1,h_first,V2,h_first,V2,AoS,V1,h_first
499,V6,v_first,V1,h_first,V1,h_first,V2,h_first,V2,AoS,V2,h_first
500,V6,v_first,V1,h_first,V1,h_first,V2,h_first,V2,AoS,V6,v_first
501,V6,v_first,V1,h_first,V1,h_first,V2,h_first,V6,AoS,V1,h_first
502,V6,v_first,V1,h_first,V1,h_first,V2,h_first,V6,AoS,V2,h_first
503,V6,v_first,V1,h_first,V1,h_first,V2,h_first,V6,AoS,V6,v_first
504,V6,v_first,V1,h_first,V1,h_first,V6,v_first,V1,SoA,V1,h_first
505,V6,v_first,V1,h_first,V1,h_first,V6,v_first,V1,SoA,V2,h_first
506,V6,v_first,V1,h_first,V1,h_first,V6,v_first,V1,SoA,V6,v_first
507,V6,v_first,V1,h_first,V1,h_first,V6,v_first,V2,AoS,V1,h_first
508,V6,v_first,V1,h_first,V1,h_first,V6,v_first,V2,AoS,V2,h_first
509,V6,v_first,V1,h_first,V1,h_first,V6,v_first,V2,AoS,V6,v_first
510,V6,v_first,V1,h_first,V1,h_first,V6,v_first,V6,AoS,V1,h_first
511,V6,v_first,V1,h_first,V1,h_first,V6,v_first,V6,AoS,V2,h_first
512,V6,v_first,V1,h_first,V1,h_first,V6,v_first,V6,AoS,V6,v_first
513,V6,v_first,V1,h_first,V2,h_first,V1,h_first,V1,SoA,V1,h_first
514,V6,v_first,V1,h_first,V2,h_first,V1,h_first,V1,SoA,V2,h_first
515,V6,v_first,V1,h_first,V2,h_first,V1,h_first,V1,SoA,V6,v_first
516,V6,v_first,V1,h_first,V2,h_first,V1,h_first,V2,AoS,V1,h_first
517,V6,v_first,V1,h_first,V2,h_first,V1,h_first,V2,AoS,V2,h_first
518,V6,v_first,V1,h_first,V2,h_first,V1,h_first,V2,AoS,V6,v_first
519,V6,v_first,V1,h_first,V2,h_first,V1,h_first,V6,AoS,V1,h_first
520,V6,v_first,V1,h_first,V2,h_first,V1,h_first,V6,AoS,V2,h_first
521,V6,v_first,V1,h_first,V2,h_first,V1,h_first,V6,AoS,V6,v_first
522,V6,v_first,V1,h_first,V2,h_first,V2,h_first,V1,SoA,V1,h_first
523,V6,v_first,V1,h_first,V2,h_first,V2,h_first,V1,SoA,V2,h_first
524,V6,v_first,V1,h_first,V2,h_first,V2,h_first,V1,SoA,V6,v_first
525,V6,v_first,V1,h_first,V2,h_first,V2,h_first,V2,AoS,V1,h_first
526,V6,v_first,V1,h_first,V2,h_first,V2,h_first,V2,AoS,V2,h_first
527,V6,v_first,V1,h_first,V2,h_first,V2,h_first,V2,AoS,V6,v_first
528,V6,v_first,V1,h_first,V2,h_first,V2,h_first,V6,AoS,V1,h_first
529,V6,v_first,V1,h_first,V2,h_first,V2,h_first,V6,AoS,V2,h_first
530,V6,v_first,V1,h_first,V2,h_first,V2,h_first,V6,AoS,V6,v_first
531,V6,v_first,V1,h_first,V2,h_first,V6,v_first,V1,SoA,V1,h_first
532,V6,v_first,V1,h_first,V2,h_first,V6,v_first,V1,SoA,V2,h_first
533,V6,v_first,V1,h_first,V2,h_first,V6,v_first,V1,SoA,V6,v_first
534,V6,v_first,V1,h_first,V2,h_first,V6,v_first,V2,AoS,V1,h_first
535,V6,v_first,V1,h_first,V2,h_first,V6,v_first,V2,AoS,V2,h_first
536,V6,v_first,V1,h_first,V2,h_first,V6,v_first,V2,AoS,V6,v_first
537,V6,v_first,V1,h_first,V2,h_first,V6,v_first,V6,AoS,V1,h_first
538,V6,v_first,V1,h_first,V2,h_first,V6,v_first,V6,AoS,V2,h_first
539,V6,v_first,V1,h_first,V2,h_first,V6,v_first,V6,AoS,V6,v_first
540,V6,v_first,V1,h_first,V6,v_first,V1,h_first,V1,SoA,V1,h_first
541,V6,v_first,V1,h_first,V6,v_first,V1,h_first,V1,SoA,V2,h_first
542,V6,v_first,V1,h_first,V6,v_first,V1,h_first,V1,SoA,V6,v_first
543,V6,v_first,V1,h_first,V6,v_first,V1,h_first,V2,AoS,V1,h_first
544,V6,v_first,V1,h_first,V6,v_first,V1,h_first,V2,AoS,V2,h_first
545,V6,v_first,V1,h_first,V6,v_first,V1,h_first,V2,AoS,V6,v_first
546,V6,v_first,V1,h_first,V6,v_first,V1,h_first,V6,AoS,V1,h_first
547,V6,v_first,V1,h_first,V6,v_first,V1,h_first,V6,AoS,V2,h_first
548,V6,v_first,V1,h_first,V6,v_first,V1,h_first,V6,AoS,V6,v_first
549,V6,v_first,V1,h_first,V6,v_first,V2,h_first,V1,SoA,V1,h_first
550,V6,v_first,V1,h_first,V6,v_first,V2,h_first,V1,SoA,V2,h_first
551,V6,v_first,V1,h_first,V6,v_first,V2,h_first,V1,SoA,V6,v_first
552,V6,v_first,V1,h_first,V6,v_first,V2,h_first,V2,AoS,V1,h_first
553,V6,v_first,V1,h_first,V6,v_first,V2,h_first,V2,AoS,V2,h_first
554,V6,v_first,V1,h_first,V6,v_first,V2,h_first,V2,AoS,V6,v_first
555,V6,v_first,V1,h_first,V6,v_first,V2,h_first,V6,AoS,V1,h_first
556,V6,v_first,V1,h_first,V6,v_first,V2,h_first,V6,AoS,V2,h_first
557,V6,v_first,V1,h_first,V6,v_first,V2,h_first,V6,AoS,V6,v_first
558,V6,v_first,V1,h_first,V6,v_first,V6,v_first,V1,SoA,V1,h_first
559,V6,v_first,V1,h_first,V6,v_first,V6,v_first,V1,SoA,V2,h_first
560,V6,v_first,V1,h_first,V6,v_first,V6,v_first,V1,SoA,V6,v_first
561,V6,v_first,V1,h_first,V6,v_first,V6,v_first,V2,AoS,V1,h_first
562,V6,v_first,V1,h_first,V6,v_first,V6,v_first,V2,AoS,V2,h_first
563,V6,v_first,V1,h_first,V6,v_first,V6,v_first,V2,AoS,V6,v_first
564,V6,v_first,V1,h_first,V6,v_first,V6,v_first,V6,AoS,V1,h_first
565,V6,v_first,V1,h_first,V6,v_first,V6,v_first,V6,AoS,V2,h_first
566,V6,v_first,V1,h_first,V6,v_first,V6,v_first,V6,AoS,V6,v_first
567,V6,v_first,V2,h_first,V1,h_first,V1,h_first,V1,SoA,V1,h_first
568,V6,v_first,V2,h_first,V1,h_first,V1,h_first,V1,SoA,V2,h_first
569,V6,v_first,V2,h_first,V1,h_first,V1,h_first,V1,SoA,V6,v_first
570,V6,v_first,V2,h_first,V1,h_first,V1,h_first,V2,AoS,V1,h_first
571,V6,v_first,V2,h_first,V1,h_first,V1,h_first,V2,AoS,V2,h_first
572,V6,v_first,V2,h_first,V1,h_first,V1,h_first,V2,AoS,V6,v_first
573,V6,v_first,V2,h_first,V1,h_first,V1,h_first,V6,AoS,V1,h_first
574,V6,v_first,V2,h_first,V1,h_first,V1,h_first,V6,AoS,V2,h_first
575,V6,v_first,V2,h_first,V1,h_first,V1,h_first,V6,AoS,V6,v_first
576,V6,v_first,V2,h_first,V1,h_first,V2,h_first,V1,SoA,V1,h_first
577,V6,v_first,V2,h_first,V1,h_first,V2,h_first,V1,SoA,V2,h_first
578,V6,v_first,V2,h_first,V1,h_first,V2,h_first,V1,SoA,V6,v_first
579,V6,v_first,V2,h_first,V1,h_first,V2,h_first,V2,AoS,V1,h_first
580,V6,v_first,V2,h_first,V1,h_first,V2,h_first,V2,AoS,V2,h_first
581,V6,v_first,V2,h_first,V1,h_first,V2,h_first,V2,AoS,V6,v_first
582,V6,v_first,V2,h_first,V1,h_first,V2,h_first,V6,AoS,V1,h_first
583,V6,v_first,V2,h_first,V1,h_first,V2,h_first,V6,AoS,V2,h_first
584,V6,v_first,V2,h_first,V1,h_first,V2,h_first,V6,AoS,V6,v_first
585,V6,v_first,V2,h_first,V1,h_first,V6,v_first,V1,SoA,V1,h_first
586,V6,v_first,V2,h_first,V1,h_first,V6,v_first,V1,SoA,V2,h_first
587,V6,v_first,V2,h_first,V1,h_first,V6,v_first,V1,SoA,V6,v_first
588,V6,v_first,V2,h_first,V1,h_first,V6,v_first,V2,AoS,V1,h_first
589,V6,v_first,V2,h_first,V1,h_first,V6,v_first,V2,AoS,V2,h_first
590,V6,v_first,V2,h_first,V1,h_first,V6,v_first,V2,AoS,V6,v_first
591,V6,v_first,V2,h_first,V1,h_first,V6,v_first,V6,AoS,V1,h_first
592,V6,v_first,V2,h_first,V1,h_first,V6,v_first,V6,AoS,V2,h_first
593,V6,v_first,V2,h_first,V1,h_first,V6,v_first,V6,AoS,V6,v_first
594,V6,v_first,V2,h_first,V2,h_first,V1,h_first,V1,SoA,V1,h_first
595,V6,v_first,V2,h_first,V2,h_first,V1,h_first,V1,SoA,V2,h_first
596,V6,v_first,V2,h_first,V2,h_first,V1,h_first,V1,SoA,V6,v_first
597,V6,v_first,V2,h_first,V2,h_first,V1,h_first,V2,AoS,V1,h_first
598,V6,v_first,V2,h_first,V2,h_first,V1,h_first,V2,AoS,V2,h_first
599,V6,v_first,V2,h_first,V2,h_first,V1,h_first,V2,AoS,V6,v_first
600,V6,v_first,V2,h_first,V2,h_first,V1,h_first,V6,AoS,V1,h_first
601,V6,v_first,V2,h_first,V2,h_first,V1,h_first,V6,AoS,V2,h_first
602,V6,v_first,V2,h_first,V2,h_first,V1,h_first,V6,AoS,V6,v_first
603,V6,v_first,V2,h_first,V2,h_first,V2,h_first,V1,SoA,V1,h_first
604,V6,v_first,V2,h_first,V2,h_first,V2,h_first,V1,SoA,V2,h_first
605,V6,v_first,V2,h_first,V2,h_first,V2,h_first,V1,SoA,V6,v_first
606,V6,v_first,V2,h_first,V2,h_first,V2,h_first,V2,AoS,V1,h_first
607,V6,v_first,V2,h_first,V2,h_first,V2,h_first,V2,AoS,V2,h_first
608,V6,v_first,V2,h_first,V2,h_first,V2,h_first,V2,AoS,V6,v_first
609,V6,v_first,V2,h_first,V2,h_first,V2,h_first,V6,AoS,V1,h_first
610,V6,v_first,V2,h_first,V2,h_first,V2,h_first,V6,AoS,V2,h_first
611,V6,v_first,V2,h_first,V2,h_first,V2,h_first,V6,AoS,V6,v_first
612,V6,v_first,V2,h_first,V2,h_first,V6,v_first,V1,SoA,V1,h_first
613,V6,v_first,V2,h_first,V2,h_first,V6,v_first,V1,SoA,V2,h_first
614,V6,v_first,V2,h_first,V2,h_first,V6,v_first,V1,SoA,V6,v_first
615,V6,v_first,V2,h_first,V2,h_first,V6,v_first,V2,AoS,V1,h_first
616,V6,v_first,V2,h_first,V2,h_first,V6,v_first,V2,AoS,V2,h_first
617,V6,v_first,V2,h_first,V2,h_first,V6,v_first,V2,AoS,V6,v_first
618,V6,v_first,V2,h_first,V2,h_first,V6,v_first,V6,AoS,V1,h_first
619,V6,v_first,V2,h_first,V2,h_first,V6,v_first,V6,AoS,V2,h_first
620,V6,v_first,V2,h_first,V2,h_first,V6,v_first,V6,AoS,V6,v_first
621,V6,v_first,V2,h_first,V6,v_first,V1,h_first,V1,SoA,V1,h_first
622,V6,v_first,V2,h_first,V6,v_first,V1,h_first,V1,SoA,V2,h_first
623,V6,v_first,V2,h_first,V6,v_first,V1,h_first,V1,SoA,V6,v_first
624,V6,v_first,V2,h_first,V6,v_first,V1,h_first,V2,AoS,V1,h_first
625,V6,v_first,V2,h_first,V6,v_first,V1,h_first,V2,AoS,V2,h_first
626,V6,v_first,V2,h_first,V6,v_first,V1,h_first,V2,AoS,V6,v_first
627,V6,v_first,V2,h_first,V6,v_first,V1,h_first,V6,AoS,V1,h_first
628,V6,v_first,V2,h_first,V6,v_first,V1,h_first,V6,AoS,V2,h_first
629,V6,v_first,V2,h_first,V6,v_first,V1,h_first,V6,AoS,V6,v_first
630,V6,v_first,V2,h_first,V6,v_first,V2,h_first,V1,SoA,V1,h_first
631,V6,v_first,V2,h_first,V6,v_first,V2,h_first,V1,SoA,V2,h_first
632,V6,v_first,V2,h_first,V6,v_first,V2,h_first,V1,SoA,V6,v_first
633,V6,v_first,V2,h_first,V6,v_first,V2,h_first,V2,AoS,V1,h_first
634,V6,v_first,V2,h_first,V6,v_first,V2,h_first,V2,AoS,V2,h_first
635,V6,v_first,V2,h_first,V6,v_first,V2,h_first,V2,AoS,V6,v_first
636,V6,v_first,V2,h_first,V6,v_first,V2,h_first,V6,AoS,V1,h_first
637,V6,v_first,V2,h_first,V6,v_first,V2,h_first,V6,AoS,V2,h_first
638,V6,v_first,V2,h_first,V6,v_first,V2,h_first,V6,AoS,V6,v_first
639,V6,v_first,V2,h_first,V6,v_first,V6,v_first,V1,SoA,V1,h_first
640,V6,v_first,V2,h_first,V6,v_first,V6,v_first,V1,SoA,V2,h_first
641,V6,v_first,V2,h_first,V6,v_first,V6,v_first,V1,SoA,V6,v_first
642,V6,v_first,V2,h_first,V6,v_first,V6,v_first,V2,AoS,V1,h_first
643,V6,v_first,V2,h_first,V6,v_first,V6,v_first,V2,AoS,V2,h_first
644,V6,v_first,V2,h_first,V6,v_first,V6,v_first,V2,AoS,V6,v_first
645,V6,v_first,V2,h_first,V6,v_first,V6,v_first,V6,AoS,V1,h_first
646,V6,v_first,V2,h_first,V6,v_first,V6,v_first,V6,AoS,V2,h_first
647,V6,v_first,V2,h_first,V6,v_first,V6,v_first,V6,AoS,V6,v_first
648,V6,v_first,V6,v_first,V1,h_first,V1,h_first,V1,SoA,V1,h_first
649,V6,v_first,V6,v_first,V1,h_first,V1,h_first,V1,SoA,V2,h_first
650,V6,v_first,V6,v_first,V1,h_first,V1,h_first,V1,SoA,V6,v_first
651,V6,v_first,V6,v_first,V1,h_first,V1,h_first,V2,AoS,V1,h_first
652,V6,v_first,V6,v_first,V1,h_first,V1,h_first,V2,AoS,V2,h_first
653,V6,v_first,V6,v_first,V1,h_first,V1,h_first,V2,AoS,V6,v_first
654,V6,v_first,V6,v_first,V1,h_first,V1,h_first,V6,AoS,V1,h_first
655,V6,v_first,V6,v_first,V1,h_first,V1,h_first,V6,AoS,V2,h_first
656,V6,v_first,V6,v_first,V1,h_first,V1,h_first,V6,AoS,V6,v_first
657,V6,v_first,V6,v_first,V1,h_first,V2,h_first,V1,SoA,V1,h_first
658,V6,v_first,V6,v_first,V1,h_first,V2,h_first,V1,SoA,V2,h_first
659,V6,v_first,V6,v_first,V1,h_first,V2,h_first,V1,SoA,V6,v_first
660,V6,v_first,V6,v_first,V1,h_first,V2,h_first,V2,AoS,V1,h_first
661,V6,v_first,V6,v_first,V1,h_first,V2,h_first,V2,AoS,V2,h_first
662,V6,v_first,V6,v_first,V1,h_first,V2,h_first,V2,AoS,V6,v_first
663,V6,v_first,V6,v_first,V1,h_first,V2,h_first,V6,AoS,V1,h_first
664,V6,v_first,V6,v_first,V1,h_first,V2,h_first,V6,AoS,V2,h_first
665,V6,v_first,V6,v_first,V1,h_first,V2,h_first,V6,AoS,V6,v_first
666,V6,v_first,V6,v_first,V1,h_first,V6,v_first,V1,SoA,V1,h_first
667,V6,v_first,V6,v_first,V1,h_first,V6,v_first,V1,SoA,V2,h_first
668,V6,v_first,V6,v_first,V1,h_first,V6,v_first,V1,SoA,V6,v_first
669,V6,v_first,V6,v_first,V1,h_first,V6,v_first,V2,AoS,V1,h_first
670,V6,v_first,V6,v_first,V1,h_first,V6,v_first,V2,AoS,V2,h_first
671,V6,v_first,V6,v_first,V1,h_first,V6,v_first,V2,AoS,V6,v_first
672,V6,v_first,V6,v_first,V1,h_first,V6,v_first,V6,AoS,V1,h_first
673,V6,v_first,V6,v_first,V1,h_first,V6,v_first,V6,AoS,V2,h_first
674,V6,v_first,V6,v_first,V1,h_first,V6,v_first,V6,AoS,V6,v_first
675,V6,v_first,V6,v_first,V2,h_first,V1,h_first,V1,SoA,V1,h_first
676,V6,v_first,V6,v_first,V2,h_first,V1,h_first,V1,SoA,V2,h_first
677,V6,v_first,V6,v_first,V2,h_first,V1,h_first,V1,SoA,V6,v_first
678,V6,v_first,V6,v_first,V2,h_first,V1,h_first,V2,AoS,V1,h_first
679,V6,v_first,V6,v_first,V2,h_first,V1,h_first,V2,AoS,V2,h_first
680,V6,v_first,V6,v_first,V2,h_first,V1,h_first,V2,AoS,V6,v_first
681,V6,v_first,V6,v_first,V2,h_first,V1,h_first,V6,AoS,V1,h_first
682,V6,v_first,V6,v_first,V2,h_first,V1,h_first,V6,AoS,V2,h_first
683,V6,v_first,V6,v_first,V2,h_first,V1,h_first,V6,AoS,V6,v_first
684,V6,v_first,V6,v_first,V2,h_first,V2,h_first,V1,SoA,V1,h_first
685,V6,v_first,V6,v_first,V2,h_first,V2,h_first,V1,SoA,V2,h_first
686,V6,v_first,V6,v_first,V2,h_first,V2,h_first,V1,SoA,V6,v_first
687,V6,v_first,V6,v_first,V2,h_first,V2,h_first,V2,AoS,V1,h_first
688,V6,v_first,V6,v_first,V2,h_first,V2,h_first,V2,AoS,V2,h_first
689,V6,v_first,V6,v_first,V2,h_first,V2,h_first,V2,AoS,V6,v_first
690,V6,v_first,V6,v_first,V2,h_first,V2,h_first,V6,AoS,V1,h_first
691,V6,v_first,V6,v_first,V2,h_first,V2,h_first,V6,AoS,V2,h_first
692,V6,v_first,V6,v_first,V2,h_first,V2,h_first,V6,AoS,V6,v_first
693,V6,v_first,V6,v_first,V2,h_first,V6,v_first,V1,SoA,V1,h_first
694,V6,v_first,V6,v_first,V2,h_first,V6,v_first,V1,SoA,V2,h_first
695,V6,v_first,V6,v_first,V2,h_first,V6,v_first,V1,SoA,V6,v_first
696,V6,v_first,V6,v_first,V2,h_first,V6,v_first,V2,AoS,V1,h_first
697,V6,v_first,V6,v_first,V2,h_first,V6,v_first,V2,AoS,V2,h_first
698,V6,v_first,V6,v_first,V2,h_first,V6,v_first,V2,AoS,V6,v_first
699,V6,v_first,V6,v_first,V2,h_first,V6,v_first,V6,AoS,V1,h_first
700,V6,v_first,V6,v_first,V2,h_first,V6,v_first,V6,AoS,V2,h_first
701,V6,v_first,V6,v_first,V2,h_first,V6,v_first,V6,AoS,V6,v_first
702,V6,v_first,V6,v_first,V6,v_first,V1,h_first,V1,SoA,V1,h_first
703,V6,v_first,V6,v_first,V6,v_first,V1,h_first,V1,SoA,V2,h_first
704,V6,v_first,V6,v_first,V6,v_first,V1,h_first,V1,SoA,V6,v_first
705,V6,v_first,V6,v_first,V6,v_first,V1,h_first,V2,AoS,V1,h_first
706,V6,v_first,V6,v_first,V6,v_first,V1,h_first,V2,AoS,V2,h_first
707,V6,v_first,V6,v_first,V6,v_first,V1,h_first,V2,AoS,V6,v_first
708,V6,v_first,V6,v_first,V6,v_first,V1,h_first,V6,AoS,V1,h_first
709,V6,v_first,V6,v_first,V6,v_first,V1,h_first,V6,AoS,V2,h_first
710,V6,v_first,V6,v_first,V6,v_first,V1,h_first,V6,AoS,V6,v_first
711,V6,v_first,V6,v_first,V6,v_first,V2,h_first,V1,SoA,V1,h_first
712,V6,v_first,V6,v_first,V6,v_first,V2,h_first,V1,SoA,V2,h_first
713,V6,v_first,V6,v_first,V6,v_first,V2,h_first,V1,SoA,V6,v_first
714,V6,v_first,V6,v_first,V6,v_first,V2,h_first,V2,AoS,V1,h_first
715,V6,v_first,V6,v_first,V6,v_first,V2,h_first,V2,AoS,V2,h_first
716,V6,v_first,V6,v_first,V6,v_first,V2,h_first,V2,AoS,V6,v_first
717,V6,v_first,V6,v_first,V6,v_first,V2,h_first,V6,AoS,V1,h_first
718,V6,v_first,V6,v_first,V6,v_first,V2,h_first,V6,AoS,V2,h_first
719,V6,v_first,V6,v_first,V6,v_first,V2,h_first,V6,AoS,V6,v_first
720,V6,v_first,V6,v_first,V6,v_first,V6,v_first,V1,SoA,V1,h_first
721,V6,v_first,V6,v_first,V6,v_first,V6,v_first,V1,SoA,V2,h_first
722,V6,v_first,V6,v_first,V6,v_first,V6,v_first,V1,SoA,V6,v_first
723,V6,v_first,V6,v_first,V6,v_first,V6,v_first,V2,AoS,V1,h_first
724,V6,v_first,V6,v_first,V6,v_first,V6,v_first,V2,AoS,V2,h_first
725,V6,v_first,V6,v_first,V6,v_first,V6,v_first,V2,AoS,V6,v_first
726,V6,v_first,V6,v_first,V6,v_first,V6,v_first,V6,AoS,V1,h_first
727,V6,v_first,V6,v_first,V6,v_first,V6,v_first,V6,AoS,V2,h_first
728,V6,v_first,V6,v_first,V6,v_first,V6,v_first,V6,AoS,V6,v_first
