id,cv,cv_IC,ch,ch_IC,f,f_IC,s,s_IC,n,n_IN,lm,lm_IC,n_groups_with_evidence
0,V1,h_first,V1,h_first,V1,h_first,V1,h_first,V1,SoA,V1,h_first,4
1,V1,h_first,V1,h_first,V1,h_first,V1,h_first,V1,SoA,V2,h_first,4
2,V1,h_first,V1,h_first,V1,h_first,V1,h_first,V1,SoA,V6,v_first,4
3,V1,h_first,V1,h_first,V1,h_first,V1,h_first,V2,AoS,V1,h_first,4
4,V1,h_first,V1,h_first,V1,h_first,V1,h_first,V2,AoS,V2,h_first,4
5,V1,h_first,V1,h_first,V1,h_first,V1,h_first,V2,AoS,V6,v_first,4
6,V1,h_first,V1,h_first,V1,h_first,V1,h_first,V6,AoS,V1,h_first,4
7,V1,h_first,V1,h_first,V1,h_first,V1,h_first,V6,AoS,V2,h_first,4
8,V1,h_first,V1,h_first,V1,h_first,V1,h_first,V6,AoS,V6,v_first,4
9,V1,h_first,V1,h_first,V1,h_first,V2,h_first,V1,SoA,V1,h_first,4
10,V1,h_first,V1,h_first,V1,h_first,V2,h_first,V1,SoA,V2,h_first,4
11,V1,h_first,V1,h_first,V1,h_first,V2,h_first,V1,SoA,V6,v_first,4
12,V1,h_first,V1,h_first,V1,h_first,V2,h_first,V2,AoS,V1,h_first,4
13,V1,h_first,V1,h_first,V1,h_first,V2,h_first,V2,AoS,V2,h_first,4
14,V1,h_first,V1,h_first,V1,h_first,V2,h_first,V2,AoS,V6,v_first,4
15,V1,h_first,V1,h_first,V1,h_first,V2,h_first,V6,AoS,V1,h_first,4
16,V1,h_first,V1,h_first,V1,h_first,V2,h_first,V6,AoS,V2,h_first,4
17,V1,h_first,V1,h_first,V1,h_first,V2,h_first,V6,AoS,V6,v_first,4
18,V1,h_first,V1,h_first,V1,h_first,V6,v_first,V1,SoA,V1,h_first,4
19,V1,h_first,V1,h_first,V1,h_first,V6,v_first,V1,SoA,V2,h_first,4
20,V1,h_first,V1,h_first,V1,h_first,V6,v_first,V1,SoA,V6,v_first,4
21,V1,h_first,V1,h_first,V1,h_first,V6,v_first,V2,AoS,V1,h_first,4
22,V1,h_first,V1,h_first,V1,h_first,V6,v_first,V2,AoS,V2,h_first,4
23,V1,h_first,V1,h_first,V1,h_first,V6,v_first,V2,AoS,V6,v_first,4
24,V1,h_first,V1,h_first,V1,h_first,V6,v_first,V6,AoS,V1,h_first,4
25,V1,h_first,V1,h_first,V1,h_first,V6,v_first,V6,AoS,V2,h_first,4
26,V1,h_first,V1,h_first,V1,h_first,V6,v_first,V6,AoS,V6,v_first,4
27,V1,h_first,V1,h_first,V2,h_first,V1,h_first,V1,SoA,V1,h_first,4
28,V1,h_first,V1,h_first,V2,h_first,V1,h_first,V1,SoA,V2,h_first,4
29,V1,h_first,V1,h_first,V2,h_first,V1,h_first,V1,SoA,V6,v_first,4
30,V1,h_first,V1,h_first,V2,h_first,V1,h_first,V2,AoS,V1,h_first,4
31,V1,h_first,V1,h_first,V2,h_first,V1,h_first,V2,AoS,V2,h_first,4
32,V1,h_first,V1,h_first,V2,h_first,V1,h_first,V2,AoS,V6,v_first,4
33,V1,h_first,V1,h_first,V2,h_first,V1,h_first,V6,AoS,V1,h_first,4
34,V1,h_first,V1,h_first,V2,h_first,V1,h_first,V6,AoS,V2,h_first,4
35,V1,h_first,V1,h_first,V2,h_first,V1,h_first,V6,AoS,V6,v_first,4
36,V1,h_first,V1,h_first,V2,h_first,V2,h_first,V1,SoA,V1,h_first,4
37,V1,h_first,V1,h_first,V2,h_first,V2,h_first,V1,SoA,V2,h_first,4
38,V1,h_first,V1,h_first,V2,h_first,V2,h_first,V1,SoA,V6,v_first,4
39,V1,h_first,V1,h_first,V2,h_first,V2,h_first,V2,AoS,V1,h_first,4
40,V1,h_first,V1,h_first,V2,h_first,V2,h_first,V2,AoS,V2,h_first,4
41,V1,h_first,V1,h_first,V2,h_first,V2,h_first,V2,AoS,V6,v_first,4
42,V1,h_first,V1,h_first,V2,h_first,V2,h_first,V6,AoS,V1,h_first,4
43,V1,h_first,V1,h_first,V2,h_first,V2,h_first,V6,AoS,V2,h_first,4
44,V1,h_first,V1,h_first,V2,h_first,V2,h_first,V6,AoS,V6,v_first,4
45,V1,h_first,V1,h_first,V2,h_first,V6,v_first,V1,SoA,V1,h_first,4
46,V1,h_first,V1,h_first,V2,h_first,V6,v_first,V1,SoA,V2,h_first,4
47,V1,h_first,V1,h_first,V2,h_first,V6,v_first,V1,SoA,V6,v_first,4
48,V1,h_first,V1,h_first,V2,h_first,V6,v_first,V2,AoS,V1,h_first,4
49,V1,h_first,V1,h_first,V2,h_first,V6,v_first,V2,AoS,V2,h_first,4
50,V1,h_first,V1,h_first,V2,h_first,V6,v_first,V2,AoS,V6,v_first,4
51,V1,h_first,V1,h_first,V2,h_first,V6,v_first,V6,AoS,V1,h_first,4
52,V1,h_first,V1,h_first,V2,h_first,V6,v_first,V6,AoS,V2,h_first,4
53,V1,h_first,V1,h_first,V2,h_first,V6,v_first,V6,AoS,V6,v_first,4
54,V1,h_first,V1,h_first,V6,v_first,V1,h_first,V1,SoA,V1,h_first,4
55,V1,h_first,V1,h_first,V6,v_first,V1,h_first,V1,SoA,V2,h_first,4
56,V1,h_first,V1,h_first,V6,v_first,V1,h_first,V1,SoA,V6,v_first,4
57,V1,h_first,V1,h_first,V6,v_first,V1,h_first,V2,AoS,V1,h_first,4
58,V1,h_first,V1,h_first,V6,v_first,V1,h_first,V2,AoS,V2,h_first,4
59,V1,h_first,V1,h_first,V6,v_first,V1,h_first,V2,AoS,V6,v_first,4
60,V1,h_first,V1,h_first,V6,v_first,V1,h_first,V6,AoS,V1,h_first,4
61,V1,h_first,V1,h_first,V6,v_first,V1,h_first,V6,AoS,V2,h_first,4
62,V1,h_first,V1,h_first,V6,v_first,V1,h_first,V6,AoS,V6,v_first,4
63,V1,h_first,V1,h_first,V6,v_first,V2,h_first,V1,SoA,V1,h_first,4
64,V1,h_first,V1,h_first,V6,v_first,V2,h_first,V1,SoA,V2,h_first,4
65,V1,h_first,V1,h_first,V6,v_first,V2,h_first,V1,SoA,V6,v_first,4
66,V1,h_first,V1,h_first,V6,v_first,V2,h_first,V2,AoS,V1,h_first,4
67,V1,h_first,V1,h_first,V6,v_first,V2,h_first,V2,AoS,V2,h_first,4
68,V1,h_first,V1,h_first,V6,v_first,V2,h_first,V2,AoS,V6,v_first,4
69,V1,h_first,V1,h_first,V6,v_first,V2,h_first,V6,AoS,V1,h_first,4
70,V1,h_first,V1,h_first,V6,v_first,V2,h_first,V6,AoS,V2,h_first,4
71,V1,h_first,V1,h_first,V6,v_first,V2,h_first,V6,AoS,V6,v_first,4
72,V1,h_first,V1,h_first,V6,v_first,V6,v_first,V1,SoA,V1,h_first,4
73,V1,h_first,V1,h_first,V6,v_first,V6,v_first,V1,SoA,V2,h_first,4
74,V1,h_first,V1,h_first,V6,v_first,V6,v_first,V1,SoA,V6,v_first,4
75,V1,h_first,V1,h_first,V6,v_first,V6,v_first,V2,AoS,V1,h_first,4
76,V1,h_first,V1,h_first,V6,v_first,V6,v_first,V2,AoS,V2,h_first,4
77,V1,h_first,V1,h_first,V6,v_first,V6,v_first,V2,AoS,V6,v_first,4
78,V1,h_first,V1,h_first,V6,v_first,V6,v_first,V6,AoS,V1,h_first,4
79,V1,h_first,V1,h_first,V6,v_first,V6,v_first,V6,AoS,V2,h_first,4
80,V1,h_first,V1,h_first,V6,v_first,V6,v_first,V6,AoS,V6,v_first,4
81,V1,h_first,V2,h_first,V1,h_first,V1,h_first,V1,SoA,V1,h_first,3
82,V1,h_first,V2,h_first,V1,h_first,V1,h_first,V1,SoA,V2,h_first,3
83,V1,h_first,V2,h_first,V1,h_first,V1,h_first,V1,SoA,V6,v_first,3
84,V1,h_first,V2,h_first,V1,h_first,V1,h_first,V2,AoS,V1,h_first,3
85,V1,h_first,V2,h_first,V1,h_first,V1,h_first,V2,AoS,V2,h_first,3
86,V1,h_first,V2,h_first,V1,h_first,V1,h_first,V2,AoS,V6,v_first,3
87,V1,h_first,V2,h_first,V1,h_first,V1,h_first,V6,AoS,V1,h_first,3
88,V1,h_first,V2,h_first,V1,h_first,V1,h_first,V6,AoS,V2,h_first,3
89,V1,h_first,V2,h_first,V1,h_first,V1,h_first,V6,AoS,V6,v_first,3
90,V1,h_first,V2,h_first,V1,h_first,V2,h_first,V1,SoA,V1,h_first,3
91,V1,h_first,V2,h_first,V1,h_first,V2,h_first,V1,SoA,V2,h_first,3
92,V1,h_first,V2,h_first,V1,h_first,V2,h_first,V1,SoA,V6,v_first,3
93,V1,h_first,V2,h_first,V1,h_first,V2,h_first,V2,AoS,V1,h_first,3
94,V1,h_first,V2,h_first,V1,h_first,V2,h_first,V2,AoS,V2,h_first,3
95,V1,h_first,V2,h_first,V1,h_first,V2,h_first,V2,AoS,V6,v_first,3
96,V1,h_first,V2,h_first,V1,h_first,V2,h_first,V6,AoS,V1,h_first,3
97,V1,h_first,V2,h_first,V1,h_first,V2,h_first,V6,AoS,V2,h_first,3
98,V1,h_first,V2,h_first,V1,h_first,V2,h_first,V6,AoS,V6,v_first,3
99,V1,h_first,V2,h_first,V1,h_first,V6,v_first,V1,SoA,V1,h_first,3
100,V1,h_first,V2,h_first,V1,h_first,V6,v_first,V1,SoA,V2,h_first,3
101,V1,h_first,V2,h_first,V1,h_first,V6,v_first,V1,SoA,V6,v_first,3
102,V1,h_first,V2,h_first,V1,h_first,V6,v_first,V2,AoS,V1,h_first,3
103,V1,h_first,V2,h_first,V1,h_first,V6,v_first,V2,AoS,V2,h_first,3
104,V1,h_first,V2,h_first,V1,h_first,V6,v_first,V2,AoS,V6,v_first,3
105,V1,h_first,V2,h_first,V1,h_first,V6,v_first,V6,AoS,V1,h_first,3
106,V1,h_first,V2,h_first,V1,h_first,V6,v_first,V6,AoS,V2,h_first,3
107,V1,h_first,V2,h_first,V1,h_first,V6,v_first,V6,AoS,V6,v_first,3
108,V1,h_first,V2,h_first,V2,h_first,V1,h_first,V1,SoA,V1,h_first,3
109,V1,h_first,V2,h_first,V2,h_first,V1,h_first,V1,SoA,V2,h_first,3
110,V1,h_first,V2,h_first,V2,h_first,V1,h_first,V1,SoA,V6,v_first,3
111,V1,h_first,V2,h_first,V2,h_first,V1,h_first,V2,AoS,V1,h_first,3
112,V1,h_first,V2,h_first,V2,h_first,V1,h_first,V2,AoS,V2,h_first,3
113,V1,h_first,V2,h_first,V2,h_first,V1,h_first,V2,AoS,V6,v_first,3
114,V1,h_first,V2,h_first,V2,h_first,V1,h_first,V6,AoS,V1,h_first,3
115,V1,h_first,V2,h_first,V2,h_first,V1,h_first,V6,AoS,V2,h_first,3
116,V1,h_first,V2,h_first,V2,h_first,V1,h_first,V6,AoS,V6,v_first,3
117,V1,h_first,V2,h_first,V2,h_first,V2,h_first,V1,SoA,V1,h_first,3
118,V1,h_first,V2,h_first,V2,h_first,V2,h_first,V1,SoA,V2,h_first,3
119,V1,h_first,V2,h_first,V2,h_first,V2,h_first,V1,SoA,V6,v_first,3
120,V1,h_first,V2,h_first,V2,h_first,V2,h_first,V2,AoS,V1,h_first,3
121,V1,h_first,V2,h_first,V2,h_first,V2,h_first,V2,AoS,V2,h_first,3
122,V1,h_first,V2,h_first,V2,h_first,V2,h_first,V2,AoS,V6,v_first,3
123,V1,h_first,V2,h_first,V2,h_first,V2,h_first,V6,AoS,V1,h_first,3
124,V1,h_first,V2,h_first,V2,h_first,V2,h_first,V6,AoS,V2,h_first,3
125,V1,h_first,V2,h_first,V2,h_first,V2,h_first,V6,AoS,V6,v_first,3
126,V1,h_first,V2,h_first,V2,h_first,V6,v_first,V1,SoA,V1,h_first,3
127,V1,h_first,V2,h_first,V2,h_first,V6,v_first,V1,SoA,V2,h_first,3
128,V1,h_first,V2,h_first,V2,h_first,V6,v_first,V1,SoA,V6,v_first,3
129,V1,h_first,V2,h_first,V2,h_first,V6,v_first,V2,AoS,V1,h_first,3
130,V1,h_first,V2,h_first,V2,h_first,V6,v_first,V2,AoS,V2,h_first,3
131,V1,h_first,V2,h_first,V2,h_first,V6,v_first,V2,AoS,V6,v_first,3
132,V1,h_first,V2,h_first,V2,h_first,V6,v_first,V6,AoS,V1,h_first,3
133,V1,h_first,V2,h_first,V2,h_first,V6,v_first,V6,AoS,V2,h_first,3
134,V1,h_first,V2,h_first,V2,h_first,V6,v_first,V6,AoS,V6,v_first,3
135,V1,h_first,V2,h_first,V6,v_first,V1,h_first,V1,SoA,V1,h_first,3
136,V1,h_first,V2,h_first,V6,v_first,V1,h_first,V1,SoA,V2,h_first,3
137,V1,h_first,V2,h_first,V6,v_first,V1,h_first,V1,SoA,V6,v_first,3
138,V1,h_first,V2,h_first,V6,v_first,V1,h_first,V2,AoS,V1,h_first,3
139,V1,h_first,V2,h_first,V6,v_first,V1,h_first,V2,AoS,V2,h_first,3
140,V1,h_first,V2,h_first,V6,v_first,V1,h_first,V2,AoS,V6,v_first,3
141,V1,h_first,V2,h_first,V6,v_first,V1,h_first,V6,AoS,V1,h_first,3
142,V1,h_first,V2,h_first,V6,v_first,V1,h_first,V6,AoS,V2,h_first,3
143,V1,h_first,V2,h_first,V6,v_first,V1,h_first,V6,AoS,V6,v_first,3
144,V1,h_first,V2,h_first,V6,v_first,V2,h_first,V1,SoA,V1,h_first,3
145,V1,h_first,V2,h_first,V6,v_first,V2,h_first,V1,SoA,V2,h_first,3
146,V1,h_first,V2,h_first,V6,v_first,V2,h_first,V1,SoA,V6,v_first,3
147,V1,h_first,V2,h_first,V6,v_first,V2,h_first,V2,AoS,V1,h_first,3
148,V1,h_first,V2,h_first,V6,v_first,V2,h_first,V2,AoS,V2,h_first,3
149,V1,h_first,V2,h_first,V6,v_first,V2,h_first,V2,AoS,V6,v_first,3
150,V1,h_first,V2,h_first,V6,v_first,V2,h_first,V6,AoS,V1,h_first,3
151,V1,h_first,V2,h_first,V6,v_first,V2,h_first,V6,AoS,V2,h_first,3
152,V1,h_first,V2,h_first,V6,v_first,V2,h_first,V6,AoS,V6,v_first,3
153,V1,h_first,V2,h_first,V6,v_first,V6,v_first,V1,SoA,V1,h_first,3
154,V1,h_first,V2,h_first,V6,v_first,V6,v_first,V1,SoA,V2,h_first,3
155,V1,h_first,V2,h_first,V6,v_first,V6,v_first,V1,SoA,V6,v_first,3
156,V1,h_first,V2,h_first,V6,v_first,V6,v_first,V2,AoS,V1,h_first,3
157,V1,h_first,V2,h_first,V6,v_first,V6,v_first,V2,AoS,V2,h_first,3
158,V1,h_first,V2,h_first,V6,v_first,V6,v_first,V2,AoS,V6,v_first,3
159,V1,h_first,V2,h_first,V6,v_first,V6,v_first,V6,AoS,V1,h_first,3
160,V1,h_first,V2,h_first,V6,v_first,V6,v_first,V6,AoS,V2,h_first,3
161,V1,h_first,V2,h_first,V6,v_first,V6,v_first,V6,AoS,V6,v_first,3
162,V1,h_first,V6,v_first,V1,h_first,V1,h_first,V1,SoA,V1,h_first,3
163,V1,h_first,V6,v_first,V1,h_first,V1,h_first,V1,SoA,V2,h_first,3
164,V1,h_first,V6,v_first,V1,h_first,V1,h_first,V1,SoA,V6,v_first,3
165,V1,h_first,V6,v_first,V1,h_first,V1,h_first,V2,AoS,V1,h_first,3
166,V1,h_first,V6,v_first,V1,h_first,V1,h_first,V2,AoS,V2,h_first,3
167,V1,h_first,V6,v_first,V1,h_first,V1,h_first,V2,AoS,V6,v_first,3
168,V1,h_first,V6,v_first,V1,h_first,V1,h_first,V6,AoS,V1,h_first,3
169,V1,h_first,V6,v_first,V1,h_first,V1,h_first,V6,AoS,V2,h_first,3
170,V1,h_first,V6,v_first,V1,h_first,V1,h_first,V6,AoS,V6,v_first,3
171,V1,h_first,V6,v_first,V1,h_first,V2,h_first,V1,SoA,V1,h_first,3
172,V1,h_first,V6,v_first,V1,h_first,V2,h_first,V1,SoA,V2,h_first,3
173,V1,h_first,V6,v_first,V1,h_first,V2,h_first,V1,SoA,V6,v_first,3
174,V1,h_first,V6,v_first,V1,h_first,V2,h_first,V2,AoS,V1,h_first,3
175,V1,h_first,V6,v_first,V1,h_first,V2,h_first,V2,AoS,V2,h_first,3
176,V1,h_first,V6,v_first,V1,h_first,V2,h_first,V2,AoS,V6,v_first,3
177,V1,h_first,V6,v_first,V1,h_first,V2,h_first,V6,AoS,V1,h_first,3
178,V1,h_first,V6,v_first,V1,h_first,V2,h_first,V6,AoS,V2,h_first,3
179,V1,h_first,V6,v_first,V1,h_first,V2,h_first,V6,AoS,V6,v_first,3
180,V1,h_first,V6,v_first,V1,h_first,V6,v_first,V1,SoA,V1,h_first,3
181,V1,h_first,V6,v_first,V1,h_first,V6,v_first,V1,SoA,V2,h_first,3
182,V1,h_first,V6,v_first,V1,h_first,V6,v_first,V1,SoA,V6,v_first,3
183,V1,h_first,V6,v_first,V1,h_first,V6,v_first,V2,AoS,V1,h_first,3
184,V1,h_first,V6,v_first,V1,h_first,V6,v_first,V2,AoS,V2,h_first,3
185,V1,h_first,V6,v_first,V1,h_first,V6,v_first,V2,AoS,V6,v_first,3
186,V1,h_first,V6,v_first,V1,h_first,V6,v_first,V6,AoS,V1,h_first,3
187,V1,h_first,V6,v_first,V1,h_first,V6,v_first,V6,AoS,V2,h_first,3
188,V1,h_first,V6,v_first,V1,h_first,V6,v_first,V6,AoS,V6,v_first,3
189,V1,h_first,V6,v_first,V2,h_first,V1,h_first,V1,SoA,V1,h_first,3
190,V1,h_first,V6,v_first,V2,h_first,V1,h_first,V1,SoA,V2,h_first,3
191,V1,h_first,V6,v_first,V2,h_first,V1,h_first,V1,SoA,V6,v_first,3
192,V1,h_first,V6,v_first,V2,h_first,V1,h_first,V2,AoS,V1,h_first,3
193,V1,h_first,V6,v_first,V2,h_first,V1,h_first,V2,AoS,V2,h_first,3
194,V1,h_first,V6,v_first,V2,h_first,V1,h_first,V2,AoS,V6,v_first,3
195,V1,h_first,V6,v_first,V2,h_first,V1,h_first,V6,AoS,V1,h_first,3
196,V1,h_first,V6,v_first,V2,h_first,V1,h_first,V6,AoS,V2,h_first,3
197,V1,h_first,V6,v_first,V2,h_first,V1,h_first,V6,AoS,V6,v_first,3
198,V1,h_first,V6,v_first,V2,h_first,V2,h_first,V1,SoA,V1,h_first,3
199,V1,h_first,V6,v_first,V2,h_first,V2,h_first,V1,SoA,V2,h_first,3
200,V1,h_first,V6,v_first,V2,h_first,V2,h_first,V1,SoA,V6,v_first,3
201,V1,h_first,V6,v_first,V2,h_first,V2,h_first,V2,AoS,V1,h_first,3
202,V1,h_first,V6,v_first,V2,h_first,V2,h_first,V2,AoS,V2,h_first,3
203,V1,h_first,V6,v_first,V2,h_first,V2,h_first,V2,AoS,V6,v_first,3
204,V1,h_first,V6,v_first,V2,h_first,V2,h_first,V6,AoS,V1,h_first,3
205,V1,h_first,V6,v_first,V2,h_first,V2,h_first,V6,AoS,V2,h_first,3
206,V1,h_first,V6,v_first,V2,h_first,V2,h_first,V6,AoS,V6,v_first,3
207,V1,h_first,V6,v_first,V2,h_first,V6,v_first,V1,SoA,V1,h_first,3
208,V1,h_first,V6,v_first,V2,h_first,V6,v_first,V1,SoA,V2,h_first,3
209,V1,h_first,V6,v_first,V2,h_first,V6,v_first,V1,SoA,V6,v_first,3
210,V1,h_first,V6,v_first,V2,h_first,V6,v_first,V2,AoS,V1,h_first,3
211,V1,h_first,V6,v_first,V2,h_first,V6,v_first,V2,AoS,V2,h_first,3
212,V1,h_first,V6,v_first,V2,h_first,V6,v_first,V2,AoS,V6,v_first,3
213,V1,h_first,V6,v_first,V2,h_first,V6,v_first,V6,AoS,V1,h_first,3
214,V1,h_first,V6,v_first,V2,h_first,V6,v_first,V6,AoS,V2,h_first,3
215,V1,h_first,V6,v_first,V2,h_first,V6,v_first,V6,AoS,V6,v_first,3
216,V1,h_first,V6,v_first,V6,v_first,V1,h_first,V1,SoA,V1,h_first,3
217,V1,h_first,V6,v_first,V6,v_first,V1,h_first,V1,SoA,V2,h_first,3
218,V1,h_first,V6,v_first,V6,v_first,V1,h_first,V1,SoA,V6,v_first,3
219,V1,h_first,V6,v_first,V6,v_first,V1,h_first,V2,AoS,V1,h_first,3
220,V1,h_first,V6,v_first,V6,v_first,V1,h_first,V2,AoS,V2,h_first,3
221,V1,h_first,V6,v_first,V6,v_first,V1,h_first,V2,AoS,V6,v_first,3
222,V1,h_first,V6,v_first,V6,v_first,V1,h_first,V6,AoS,V1,h_first,3
223,V1,h_first,V6,v_first,V6,v_first,V1,h_first,V6,AoS,V2,h_first,3
224,V1,h_first,V6,v_first,V6,v_first,V1,h_first,V6,AoS,V6,v_first,3
225,V1,h_first,V6,v_first,V6,v_first,V2,h_first,V1,SoA,V1,h_first,3
226,V1,h_first,V6,v_first,V6,v_first,V2,h_first,V1,SoA,V2,h_first,3
227,V1,h_first,V6,v_first,V6,v_first,V2,h_first,V1,SoA,V6,v_first,3
228,V1,h_first,V6,v_first,V6,v_first,V2,h_first,V2,AoS,V1,h_first,3
229,V1,h_first,V6,v_first,V6,v_first,V2,h_first,V2,AoS,V2,h_first,3
230,V1,h_first,V6,v_first,V6,v_first,V2,h_first,V2,AoS,V6,v_first,3
231,V1,h_first,V6,v_first,V6,v_first,V2,h_first,V6,AoS,V1,h_first,3
232,V1,h_first,V6,v_first,V6,v_first,V2,h_first,V6,AoS,V2,h_first,3
233,V1,h_first,V6,v_first,V6,v_first,V2,h_first,V6,AoS,V6,v_first,3
234,V1,h_first,V6,v_first,V6,v_first,V6,v_first,V1,SoA,V1,h_first,3
235,V1,h_first,V6,v_first,V6,v_first,V6,v_first,V1,SoA,V2,h_first,3
236,V1,h_first,V6,v_first,V6,v_first,V6,v_first,V1,SoA,V6,v_first,3
237,V1,h_first,V6,v_first,V6,v_first,V6,v_first,V2,AoS,V1,h_first,3
238,V1,h_first,V6,v_first,V6,v_first,V6,v_first,V2,AoS,V2,h_first,3
239,V1,h_first,V6,v_first,V6,v_first,V6,v_first,V2,AoS,V6,v_first,3
240,V1,h_first,V6,v_first,V6,v_first,V6,v_first,V6,AoS,V1,h_first,3
241,V1,h_first,V6,v_first,V6,v_first,V6,v_first,V6,AoS,V2,h_first,3
242,V1,h_first,V6,v_first,V6,v_first,V6,v_first,V6,AoS,V6,v_first,3
243,V2,h_first,V1,h_first,V1,h_first,V1,h_first,V1,SoA,V1,h_first,4
244,V2,h_first,V1,h_first,V1,h_first,V1,h_first,V1,SoA,V2,h_first,4
245,V2,h_first,V1,h_first,V1,h_first,V1,h_first,V1,SoA,V6,v_first,4
246,V2,h_first,V1,h_first,V1,h_first,V1,h_first,V2,AoS,V1,h_first,4
247,V2,h_first,V1,h_first,V1,h_first,V1,h_first,V2,AoS,V2,h_first,4
248,V2,h_first,V1,h_first,V1,h_first,V1,h_first,V2,AoS,V6,v_first,4
249,V2,h_first,V1,h_first,V1,h_first,V1,h_first,V6,AoS,V1,h_first,4
250,V2,h_first,V1,h_first,V1,h_first,V1,h_first,V6,AoS,V2,h_first,4
251,V2,h_first,V1,h_first,V1,h_first,V1,h_first,V6,AoS,V6,v_first,4
252,V2,h_first,V1,h_first,V1,h_first,V2,h_first,V1,SoA,V1,h_first,4
253,V2,h_first,V1,h_first,V1,h_first,V2,h_first,V1,SoA,V2,h_first,4
254,V2,h_first,V1,h_first,V1,h_first,V2,h_first,V1,SoA,V6,v_first,4
255,V2,h_first,V1,h_first,V1,h_first,V2,h_first,V2,AoS,V1,h_first,4
256,V2,h_first,V1,h_first,V1,h_first,V2,h_first,V2,AoS,V2,h_first,4
257,V2,h_first,V1,h_first,V1,h_first,V2,h_first,V2,AoS,V6,v_first,4
258,V2,h_first,V1,h_first,V1,h_first,V2,h_first,V6,AoS,V1,h_first,4
259,V2,h_first,V1,h_first,V1,h_first,V2,h_first,V6,AoS,V2,h_first,4
260,V2,h_first,V1,h_first,V1,h_first,V2,h_first,V6,AoS,V6,v_first,4
261,V2,h_first,V1,h_first,V1,h_first,V6,v_first,V1,SoA,V1,h_first,4
262,V2,h_first,V1,h_first,V1,h_first,V6,v_first,V1,SoA,V2,h_first,4
263,V2,h_first,V1,h_first,V1,h_first,V6,v_first,V1,SoA,V6,v_first,4
264,V2,h_first,V1,h_first,V1,h_first,V6,v_first,V2,AoS,V1,h_first,4
265,V2,h_first,V1,h_first,V1,h_first,V6,v_first,V2,AoS,V2,h_first,4
266,V2,h_first,V1,h_first,V1,h_first,V6,v_first,V2,AoS,V6,v_first,4
267,V2,h_first,V1,h_first,V1,h_first,V6,v_first,V6,AoS,V1,h_first,4
268,V2,h_first,V1,h_first,V1,h_first,V6,v_first,V6,AoS,V2,h_first,4
269,V2,h_first,V1,h_first,V1,h_first,V6,v_first,V6,AoS,V6,v_first,4
270,V2,h_first,V1,h_first,V2,h_first,V1,h_first,V1,SoA,V1,h_first,4
271,V2,h_first,V1,h_first,V2,h_first,V1,h_first,V1,SoA,V2,h_first,4
272,V2,h_first,V1,h_first,V2,h_first,V1,h_first,V1,SoA,V6,v_first,4
273,V2,h_first,V1,h_first,V2,h_first,V1,h_first,V2,AoS,V1,h_first,4
274,V2,h_first,V1,h_first,V2,h_first,V1,h_first,V2,AoS,V2,h_first,4
275,V2,h_first,V1,h_first,V2,h_first,V1,h_first,V2,AoS,V6,v_first,4
276,V2,h_first,V1,h_first,V2,h_first,V1,h_first,V6,AoS,V1,h_first,4
277,V2,h_first,V1,h_first,V2,h_first,V1,h_first,V6,AoS,V2,h_first,4
278,V2,h_first,V1,h_first,V2,h_first,V1,h_first,V6,AoS,V6,v_first,4
279,V2,h_first,V1,h_first,V2,h_first,V2,h_first,V1,SoA,V1,h_first,4
280,V2,h_first,V1,h_first,V2,h_first,V2,h_first,V1,SoA,V2,h_first,4
281,V2,h_first,V1,h_first,V2,h_first,V2,h_first,V1,SoA,V6,v_first,4
282,V2,h_first,V1,h_first,V2,h_first,V2,h_first,V2,AoS,V1,h_first,4
283,V2,h_first,V1,h_first,V2,h_first,V2,h_first,V2,AoS,V2,h_first,4
284,V2,h_first,V1,h_first,V2,h_first,V2,h_first,V2,AoS,V6,v_first,4
285,V2,h_first,V1,h_first,V2,h_first,V2,h_first,V6,AoS,V1,h_first,4
286,V2,h_first,V1,h_first,V2,h_first,V2,h_first,V6,AoS,V2,h_first,4
287,V2,h_first,V1,h_first,V2,h_first,V2,h_first,V6,AoS,V6,v_first,4
288,V2,h_first,V1,h_first,V2,h_first,V6,v_first,V1,SoA,V1,h_first,4
289,V2,h_first,V1,h_first,V2,h_first,V6,v_first,V1,SoA,V2,h_first,4
290,V2,h_first,V1,h_first,V2,h_first,V6,v_first,V1,SoA,V6,v_first,4
291,V2,h_first,V1,h_first,V2,h_first,V6,v_first,V2,AoS,V1,h_first,4
292,V2,h_first,V1,h_first,V2,h_first,V6,v_first,V2,AoS,V2,h_first,4
293,V2,h_first,V1,h_first,V2,h_first,V6,v_first,V2,AoS,V6,v_first,4
294,V2,h_first,V1,h_first,V2,h_first,V6,v_first,V6,AoS,V1,h_first,4
295,V2,h_first,V1,h_first,V2,h_first,V6,v_first,V6,AoS,V2,h_first,4
296,V2,h_first,V1,h_first,V2,h_first,V6,v_first,V6,AoS,V6,v_first,4
297,V2,h_first,V1,h_first,V6,v_first,V1,h_first,V1,SoA,V1,h_first,4
298,V2,h_first,V1,h_first,V6,v_first,V1,h_first,V1,SoA,V2,h_first,4
299,V2,h_first,V1,h_first,V6,v_first,V1,h_first,V1,SoA,V6,v_first,4
300,V2,h_first,V1,h_first,V6,v_first,V1,h_first,V2,AoS,V1,h_first,4
301,V2,h_first,V1,h_first,V6,v_first,V1,h_first,V2,AoS,V2,h_first,4
302,V2,h_first,V1,h_first,V6,v_first,V1,h_first,V2,AoS,V6,v_first,4
303,V2,h_first,V1,h_first,V6,v_first,V1,h_first,V6,AoS,V1,h_first,4
304,V2,h_first,V1,h_first,V6,v_first,V1,h_first,V6,AoS,V2,h_first,4
305,V2,h_first,V1,h_first,V6,v_first,V1,h_first,V6,AoS,V6,v_first,4
306,V2,h_first,V1,h_first,V6,v_first,V2,h_first,V1,SoA,V1,h_first,4
307,V2,h_first,V1,h_first,V6,v_first,V2,h_first,V1,SoA,V2,h_first,4
308,V2,h_first,V1,h_first,V6,v_first,V2,h_first,V1,SoA,V6,v_first,4
309,V2,h_first,V1,h_first,V6,v_first,V2,h_first,V2,AoS,V1,h_first,4
310,V2,h_first,V1,h_first,V6,v_first,V2,h_first,V2,AoS,V2,h_first,4
311,V2,h_first,V1,h_first,V6,v_first,V2,h_first,V2,AoS,V6,v_first,4
312,V2,h_first,V1,h_first,V6,v_first,V2,h_first,V6,AoS,V1,h_first,4
313,V2,h_first,V1,h_first,V6,v_first,V2,h_first,V6,AoS,V2,h_first,4
314,V2,h_first,V1,h_first,V6,v_first,V2,h_first,V6,AoS,V6,v_first,4
315,V2,h_first,V1,h_first,V6,v_first,V6,v_first,V1,SoA,V1,h_first,4
316,V2,h_first,V1,h_first,V6,v_first,V6,v_first,V1,SoA,V2,h_first,4
317,V2,h_first,V1,h_first,V6,v_first,V6,v_first,V1,SoA,V6,v_first,4
318,V2,h_first,V1,h_first,V6,v_first,V6,v_first,V2,AoS,V1,h_first,4
319,V2,h_first,V1,h_first,V6,v_first,V6,v_first,V2,AoS,V2,h_first,4
320,V2,h_first,V1,h_first,V6,v_first,V6,v_first,V2,AoS,V6,v_first,4
321,V2,h_first,V1,h_first,V6,v_first,V6,v_first,V6,AoS,V1,h_first,4
322,V2,h_first,V1,h_first,V6,v_first,V6,v_first,V6,AoS,V2,h_first,4
323,V2,h_first,V1,h_first,V6,v_first,V6,v_first,V6,AoS,V6,v_first,4
324,V2,h_first,V2,h_first,V1,h_first,V1,h_first,V1,SoA,V1,h_first,3
325,V2,h_first,V2,h_first,V1,h_first,V1,h_first,V1,SoA,V2,h_first,3
326,V2,h_first,V2,h_first,V1,h_first,V1,h_first,V1,SoA,V6,v_first,3
327,V2,h_first,V2,h_first,V1,h_first,V1,h_first,V2,AoS,V1,h_first,3
328,V2,h_first,V2,h_first,V1,h_first,V1,h_first,V2,AoS,V2,h_first,3
329,V2,h_first,V2,h_first,V1,h_first,V1,h_first,V2,AoS,V6,v_first,3
330,V2,h_first,V2,h_first,V1,h_first,V1,h_first,V6,AoS,V1,h_first,3
331,V2,h_first,V2,h_first,V1,h_first,V1,h_first,V6,AoS,V2,h_first,3
332,V2,h_first,V2,h_first,V1,h_first,V1,h_first,V6,AoS,V6,v_first,3
333,V2,h_first,V2,h_first,V1,h_first,V2,h_first,V1,SoA,V1,h_first,3
334,V2,h_first,V2,h_first,V1,h_first,V2,h_first,V1,SoA,V2,h_first,3
335,V2,h_first,V2,h_first,V1,h_first,V2,h_first,V1,SoA,V6,v_first,3
336,V2,h_first,V2,h_first,V1,h_first,V2,h_first,V2,AoS,V1,h_first,3
337,V2,h_first,V2,h_first,V1,h_first,V2,h_first,V2,AoS,V2,h_first,3
338,V2,h_first,V2,h_first,V1,h_first,V2,h_first,V2,AoS,V6,v_first,3
339,V2,h_first,V2,h_first,V1,h_first,V2,h_first,V6,AoS,V1,h_first,3
340,V2,h_first,V2,h_first,V1,h_first,V2,h_first,V6,AoS,V2,h_first,3
341,V2,h_first,V2,h_first,V1,h_first,V2,h_first,V6,AoS,V6,v_first,3
342,V2,h_first,V2,h_first,V1,h_first,V6,v_first,V1,SoA,V1,h_first,3
343,V2,h_first,V2,h_first,V1,h_first,V6,v_first,V1,SoA,V2,h_first,3
344,V2,h_first,V2,h_first,V1,h_first,V6,v_first,V1,SoA,V6,v_first,3
345,V2,h_first,V2,h_first,V1,h_first,V6,v_first,V2,AoS,V1,h_first,3
346,V2,h_first,V2,h_first,V1,h_first,V6,v_first,V2,AoS,V2,h_first,3
347,V2,h_first,V2,h_first,V1,h_first,V6,v_first,V2,AoS,V6,v_first,3
348,V2,h_first,V2,h_first,V1,h_first,V6,v_first,V6,AoS,V1,h_first,3
349,V2,h_first,V2,h_first,V1,h_first,V6,v_first,V6,AoS,V2,h_first,3
350,V2,h_first,V2,h_first,V1,h_first,V6,v_first,V6,AoS,V6,v_first,3
351,V2,h_first,V2,h_first,V2,h_first,V1,h_first,V1,SoA,V1,h_first,3
352,V2,h_first,V2,h_first,V2,h_first,V1,h_first,V1,SoA,V2,h_first,3
353,V2,h_first,V2,h_first,V2,h_first,V1,h_first,V1,SoA,V6,v_first,3
354,V2,h_first,V2,h_first,V2,h_first,V1,h_first,V2,AoS,V1,h_first,3
355,V2,h_first,V2,h_first,V2,h_first,V1,h_first,V2,AoS,V2,h_first,3
356,V2,h_first,V2,h_first,V2,h_first,V1,h_first,V2,AoS,V6,v_first,3
357,V2,h_first,V2,h_first,V2,h_first,V1,h_first,V6,AoS,V1,h_first,3
358,V2,h_first,V2,h_first,V2,h_first,V1,h_first,V6,AoS,V2,h_first,3
359,V2,h_first,V2,h_first,V2,h_first,V1,h_first,V6,AoS,V6,v_first,3
360,V2,h_first,V2,h_first,V2,h_first,V2,h_first,V1,SoA,V1,h_first,3
361,V2,h_first,V2,h_first,V2,h_first,V2,h_first,V1,SoA,V2,h_first,3
362,V2,h_first,V2,h_first,V2,h_first,V2,h_first,V1,SoA,V6,v_first,3
363,V2,h_first,V2,h_first,V2,h_first,V2,h_first,V2,AoS,V1,h_first,3
364,V2,h_first,V2,h_first,V2,h_first,V2,h_first,V2,AoS,V2,h_first,3
365,V2,h_first,V2,h_first,V2,h_first,V2,h_first,V2,AoS,V6,v_first,3
366,V2,h_first,V2,h_first,V2,h_first,V2,h_first,V6,AoS,V1,h_first,3
367,V2,h_first,V2,h_first,V2,h_first,V2,h_first,V6,AoS,V2,h_first,3
368,V2,h_first,V2,h_first,V2,h_first,V2,h_first,V6,AoS,V6,v_first,3
369,V2,h_first,V2,h_first,V2,h_first,V6,v_first,V1,SoA,V1,h_first,3
370,V2,h_first,V2,h_first,V2,h_first,V6,v_first,V1,SoA,V2,h_first,3
371,V2,h_first,V2,h_first,V2,h_first,V6,v_first,V1,SoA,V6,v_first,3
372,V2,h_first,V2,h_first,V2,h_first,V6,v_first,V2,AoS,V1,h_first,3
373,V2,h_first,V2,h_first,V2,h_first,V6,v_first,V2,AoS,V2,h_first,3
374,V2,h_first,V2,h_first,V2,h_first,V6,v_first,V2,AoS,V6,v_first,3
375,V2,h_first,V2,h_first,V2,h_first,V6,v_first,V6,AoS,V1,h_first,3
376,V2,h_first,V2,h_first,V2,h_first,V6,v_first,V6,AoS,V2,h_first,3
377,V2,h_first,V2,h_first,V2,h_first,V6,v_first,V6,AoS,V6,v_first,3
378,V2,h_first,V2,h_first,V6,v_first,V1,h_first,V1,SoA,V1,h_first,3
379,V2,h_first,V2,h_first,V6,v_first,V1,h_first,V1,SoA,V2,h_first,3
380,V2,h_first,V2,h_first,V6,v_first,V1,h_first,V1,SoA,V6,v_first,3
381,V2,h_first,V2,h_first,V6,v_first,V1,h_first,V2,AoS,V1,h_first,3
382,V2,h_first,V2,h_first,V6,v_first,V1,h_first,V2,AoS,V2,h_first,3
383,V2,h_first,V2,h_first,V6,v_first,V1,h_first,V2,AoS,V6,v_first,3
384,V2,h_first,V2,h_first,V6,v_first,V1,h_first,V6,AoS,V1,h_first,3
385,V2,h_first,V2,h_first,V6,v_first,V1,h_first,V6,AoS,V2,h_first,3
386,V2,h_first,V2,h_first,V6,v_first,V1,h_first,V6,AoS,V6,v_first,3
387,V2,h_first,V2,h_first,V6,v_first,V2,h_first,V1,SoA,V1,h_first,3
388,V2,h_first,V2,h_first,V6,v_first,V2,h_first,V1,SoA,V2,h_first,3
389,V2,h_first,V2,h_first,V6,v_first,V2,h_first,V1,SoA,V6,v_first,3
390,V2,h_first,V2,h_first,V6,v_first,V2,h_first,V2,AoS,V1,h_first,3
391,V2,h_first,V2,h_first,V6,v_first,V2,h_first,V2,AoS,V2,h_first,3
392,V2,h_first,V2,h_first,V6,v_first,V2,h_first,V2,AoS,V6,v_first,3
393,V2,h_first,V2,h_first,V6,v_first,V2,h_first,V6,AoS,V1,h_first,3
394,V2,h_first,V2,h_first,V6,v_first,V2,h_first,V6,AoS,V2,h_first,3
395,V2,h_first,V2,h_first,V6,v_first,V2,h_first,V6,AoS,V6,v_first,3
396,V2,h_first,V2,h_first,V6,v_first,V6,v_first,V1,SoA,V1,h_first,3
397,V2,h_first,V2,h_first,V6,v_first,V6,v_first,V1,SoA,V2,h_first,3
398,V2,h_first,V2,h_first,V6,v_first,V6,v_first,V1,SoA,V6,v_first,3
399,V2,h_first,V2,h_first,V6,v_first,V6,v_first,V2,AoS,V1,h_first,3
400,V2,h_first,V2,h_first,V6,v_first,V6,v_first,V2,AoS,V2,h_first,3
401,V2,h_first,V2,h_first,V6,v_first,V6,v_first,V2,AoS,V6,v_first,3
402,V2,h_first,V2,h_first,V6,v_first,V6,v_first,V6,AoS,V1,h_first,3
403,V2,h_first,V2,h_first,V6,v_first,V6,v_first,V6,AoS,V2,h_first,3
404,V2,h_first,V2,h_first,V6,v_first,V6,v_first,V6,AoS,V6,v_first,3
405,V2,h_first,V6,v_first,V1,h_first,V1,h_first,V1,SoA,V1,h_first,3
406,V2,h_first,V6,v_first,V1,h_first,V1,h_first,V1,SoA,V2,h_first,3
407,V2,h_first,V6,v_first,V1,h_first,V1,h_first,V1,SoA,V6,v_first,3
408,V2,h_first,V6,v_first,V1,h_first,V1,h_first,V2,AoS,V1,h_first,3
409,V2,h_first,V6,v_first,V1,h_first,V1,h_first,V2,AoS,V2,h_first,3
410,V2,h_first,V6,v_first,V1,h_first,V1,h_first,V2,AoS,V6,v_first,3
411,V2,h_first,V6,v_first,V1,h_first,V1,h_first,V6,AoS,V1,h_first,3
412,V2,h_first,V6,v_first,V1,h_first,V1,h_first,V6,AoS,V2,h_first,3
413,V2,h_first,V6,v_first,V1,h_first,V1,h_first,V6,AoS,V6,v_first,3
414,V2,h_first,V6,v_first,V1,h_first,V2,h_first,V1,SoA,V1,h_first,3
415,V2,h_first,V6,v_first,V1,h_first,V2,h_first,V1,SoA,V2,h_first,3
416,V2,h_first,V6,v_first,V1,h_first,V2,h_first,V1,SoA,V6,v_first,3
417,V2,h_first,V6,v_first,V1,h_first,V2,h_first,V2,AoS,V1,h_first,3
418,V2,h_first,V6,v_first,V1,h_first,V2,h_first,V2,AoS,V2,h_first,3
419,V2,h_first,V6,v_first,V1,h_first,V2,h_first,V2,AoS,V6,v_first,3
420,V2,h_first,V6,v_first,V1,h_first,V2,h_first,V6,AoS,V1,h_first,3
421,V2,h_first,V6,v_first,V1,h_first,V2,h_first,V6,AoS,V2,h_first,3
422,V2,h_first,V6,v_first,V1,h_first,V2,h_first,V6,AoS,V6,v_first,3
423,V2,h_first,V6,v_first,V1,h_first,V6,v_first,V1,SoA,V1,h_first,3
424,V2,h_first,V6,v_first,V1,h_first,V6,v_first,V1,SoA,V2,h_first,3
425,V2,h_first,V6,v_first,V1,h_first,V6,v_first,V1,SoA,V6,v_first,3
426,V2,h_first,V6,v_first,V1,h_first,V6,v_first,V2,AoS,V1,h_first,3
427,V2,h_first,V6,v_first,V1,h_first,V6,v_first,V2,AoS,V2,h_first,3
428,V2,h_first,V6,v_first,V1,h_first,V6,v_first,V2,AoS,V6,v_first,3
429,V2,h_first,V6,v_first,V1,h_first,V6,v_first,V6,AoS,V1,h_first,3
430,V2,h_first,V6,v_first,V1,h_first,V6,v_first,V6,AoS,V2,h_first,3
431,V2,h_first,V6,v_first,V1,h_first,V6,v_first,V6,AoS,V6,v_first,3
432,V2,h_first,V6,v_first,V2,h_first,V1,h_first,V1,SoA,V1,h_first,3
433,V2,h_first,V6,v_first,V2,h_first,V1,h_first,V1,SoA,V2,h_first,3
434,V2,h_first,V6,v_first,V2,h_first,V1,h_first,V1,SoA,V6,v_first,3
435,V2,h_first,V6,v_first,V2,h_first,V1,h_first,V2,AoS,V1,h_first,3
436,V2,h_first,V6,v_first,V2,h_first,V1,h_first,V2,AoS,V2,h_first,3
437,V2,h_first,V6,v_first,V2,h_first,V1,h_first,V2,AoS,V6,v_first,3
438,V2,h_first,V6,v_first,V2,h_first,V1,h_first,V6,AoS,V1,h_first,3
439,V2,h_first,V6,v_first,V2,h_first,V1,h_first,V6,AoS,V2,h_first,3
440,V2,h_first,V6,v_first,V2,h_first,V1,h_first,V6,AoS,V6,v_first,3
441,V2,h_first,V6,v_first,V2,h_first,V2,h_first,V1,SoA,V1,h_first,3
442,V2,h_first,V6,v_first,V2,h_first,V2,h_first,V1,SoA,V2,h_first,3
443,V2,h_first,V6,v_first,V2,h_first,V2,h_first,V1,SoA,V6,v_first,3
444,V2,h_first,V6,v_first,V2,h_first,V2,h_first,V2,AoS,V1,h_first,3
445,V2,h_first,V6,v_first,V2,h_first,V2,h_first,V2,AoS,V2,h_first,3
446,V2,h_first,V6,v_first,V2,h_first,V2,h_first,V2,AoS,V6,v_first,3
447,V2,h_first,V6,v_first,V2,h_first,V2,h_first,V6,AoS,V1,h_first,3
448,V2,h_first,V6,v_first,V2,h_first,V2,h_first,V6,AoS,V2,h_first,3
449,V2,h_first,V6,v_first,V2,h_first,V2,h_first,V6,AoS,V6,v_first,3
450,V2,h_first,V6,v_first,V2,h_first,V6,v_first,V1,SoA,V1,h_first,3
451,V2,h_first,V6,v_first,V2,h_first,V6,v_first,V1,SoA,V2,h_first,3
452,V2,h_first,V6,v_first,V2,h_first,V6,v_first,V1,SoA,V6,v_first,3
453,V2,h_first,V6,v_first,V2,h_first,V6,v_first,V2,AoS,V1,h_first,3
454,V2,h_first,V6,v_first,V2,h_first,V6,v_first,V2,AoS,V2,h_first,3
455,V2,h_first,V6,v_first,V2,h_first,V6,v_first,V2,AoS,V6,v_first,3
456,V2,h_first,V6,v_first,V2,h_first,V6,v_first,V6,AoS,V1,h_first,3
457,V2,h_first,V6,v_first,V2,h_first,V6,v_first,V6,AoS,V2,h_first,3
458,V2,h_first,V6,v_first,V2,h_first,V6,v_first,V6,AoS,V6,v_first,3
459,V2,h_first,V6,v_first,V6,v_first,V1,h_first,V1,SoA,V1,h_first,3
460,V2,h_first,V6,v_first,V6,v_first,V1,h_first,V1,SoA,V2,h_first,3
461,V2,h_first,V6,v_first,V6,v_first,V1,h_first,V1,SoA,V6,v_first,3
462,V2,h_first,V6,v_first,V6,v_first,V1,h_first,V2,AoS,V1,h_first,3
463,V2,h_first,V6,v_first,V6,v_first,V1,h_first,V2,AoS,V2,h_first,3
464,V2,h_first,V6,v_first,V6,v_first,V1,h_first,V2,AoS,V6,v_first,3
465,V2,h_first,V6,v_first,V6,v_first,V1,h_first,V6,AoS,V1,h_first,3
466,V2,h_first,V6,v_first,V6,v_first,V1,h_first,V6,AoS,V2,h_first,3
467,V2,h_first,V6,v_first,V6,v_first,V1,h_first,V6,AoS,V6,v_first,3
468,V2,h_first,V6,v_first,V6,v_first,V2,h_first,V1,SoA,V1,h_first,3
469,V2,h_first,V6,v_first,V6,v_first,V2,h_first,V1,SoA,V2,h_first,3
470,V2,h_first,V6,v_first,V6,v_first,V2,h_first,V1,SoA,V6,v_first,3
471,V2,h_first,V6,v_first,V6,v_first,V2,h_first,V2,AoS,V1,h_first,3
472,V2,h_first,V6,v_first,V6,v_first,V2,h_first,V2,AoS,V2,h_first,3
473,V2,h_first,V6,v_first,V6,v_first,V2,h_first,V2,AoS,V6,v_first,3
474,V2,h_first,V6,v_first,V6,v_first,V2,h_first,V6,AoS,V1,h_first,3
475,V2,h_first,V6,v_first,V6,v_first,V2,h_first,V6,AoS,V2,h_first,3
476,V2,h_first,V6,v_first,V6,v_first,V2,h_first,V6,AoS,V6,v_first,3
477,V2,h_first,V6,v_first,V6,v_first,V6,v_first,V1,SoA,V1,h_first,3
478,V2,h_first,V6,v_first,V6,v_first,V6,v_first,V1,SoA,V2,h_first,3
479,V2,h_first,V6,v_first,V6,v_first,V6,v_first,V1,SoA,V6,v_first,3
480,V2,h_first,V6,v_first,V6,v_first,V6,v_first,V2,AoS,V1,h_first,3
481,V2,h_first,V6,v_first,V6,v_first,V6,v_first,V2,AoS,V2,h_first,3
482,V2,h_first,V6,v_first,V6,v_first,V6,v_first,V2,AoS,V6,v_first,3
483,V2,h_first,V6,v_first,V6,v_first,V6,v_first,V6,AoS,V1,h_first,3
484,V2,h_first,V6,v_first,V6,v_first,V6,v_first,V6,AoS,V2,h_first,3
485,V2,h_first,V6,v_first,V6,v_first,V6,v_first,V6,AoS,V6,v_first,3
486,V6,v_first,V1,h_first,V1,h_first,V1,h_first,V1,SoA,V1,h_first,4
487,V6,v_first,V1,h_first,V1,h_first,V1,h_first,V1,SoA,V2,h_first,4
488,V6,v_first,V1,h_first,V1,h_first,V1,h_first,V1,SoA,V6,v_first,4
489,V6,v_first,V1,h_first,V1,h_first,V1,h_first,V2,AoS,V1,h_first,4
490,V6,v_first,V1,h_first,V1,h_first,V1,h_first,V2,AoS,V2,h_first,4
491,V6,v_first,V1,h_first,V1,h_first,V1,h_first,V2,AoS,V6,v_first,4
492,V6,v_first,V1,h_first,V1,h_first,V1,h_first,V6,AoS,V1,h_first,4
493,V6,v_first,V1,h_first,V1,h_first,V1,h_first,V6,AoS,V2,h_first,4
494,V6,v_first,V1,h_first,V1,h_first,V1,h_first,V6,AoS,V6,v_first,4
495,V6,v_first,V1,h_first,V1,h_first,V2,h_first,V1,SoA,V1,h_first,4
496,V6,v_first,V1,h_first,V1,h_first,V2,h_first,V1,SoA,V2,h_first,4
497,V6,v_first,V1,h_first,V1,h_first,V2,h_first,V1,SoA,V6,v_first,4
498,V6,v_first,V1,h_first,V1,h_first,V2,h_first,V2,AoS,V1,h_first,4
499,V6,v_first,V1,h_first,V1,h_first,V2,h_first,V2,AoS,V2,h_first,4
500,V6,v_first,V1,h_first,V1,h_first,V2,h_first,V2,AoS,V6,v_first,4
501,V6,v_first,V1,h_first,V1,h_first,V2,h_first,V6,AoS,V1,h_first,4
502,V6,v_first,V1,h_first,V1,h_first,V2,h_first,V6,AoS,V2,h_first,4
503,V6,v_first,V1,h_first,V1,h_first,V2,h_first,V6,AoS,V6,v_first,4
504,V6,v_first,V1,h_first,V1,h_first,V6,v_first,V1,SoA,V1,h_first,4
505,V6,v_first,V1,h_first,V1,h_first,V6,v_first,V1,SoA,V2,h_first,4
506,V6,v_first,V1,h_first,V1,h_first,V6,v_first,V1,SoA,V6,v_first,4
507,V6,v_first,V1,h_first,V1,h_first,V6,v_first,V2,AoS,V1,h_first,4
508,V6,v_first,V1,h_first,V1,h_first,V6,v_first,V2,AoS,V2,h_first,4
509,V6,v_first,V1,h_first,V1,h_first,V6,v_first,V2,AoS,V6,v_first,4
510,V6,v_first,V1,h_first,V1,h_first,V6,v_first,V6,AoS,V1,h_first,4
511,V6,v_first,V1,h_first,V1,h_first,V6,v_first,V6,AoS,V2,h_first,4
512,V6,v_first,V1,h_first,V1,h_first,V6,v_first,V6,AoS,V6,v_first,4
513,V6,v_first,V1,h_first,V2,h_first,V1,h_first,V1,SoA,V1,h_first,4
514,V6,v_first,V1,h_first,V2,h_first,V1,h_first,V1,SoA,V2,h_first,4
515,V6,v_first,V1,h_first,V2,h_first,V1,h_first,V1,SoA,V6,v_first,4
516,V6,v_first,V1,h_first,V2,h_first,V1,h_first,V2,AoS,V1,h_first,4
517,V6,v_first,V1,h_first,V2,h_first,V1,h_first,V2,AoS,V2,h_first,4
518,V6,v_first,V1,h_first,V2,h_first,V1,h_first,V2,AoS,V6,v_first,4
519,V6,v_first,V1,h_first,V2,h_first,V1,h_first,V6,AoS,V1,h_first,4
520,V6,v_first,V1,h_first,V2,h_first,V1,h_first,V6,AoS,V2,h_first,4
521,V6,v_first,V1,h_first,V2,h_first,V1,h_first,V6,AoS,V6,v_first,4
522,V6,v_first,V1,h_first,V2,h_first,V2,h_first,V1,SoA,V1,h_first,4
523,V6,v_first,V1,h_first,V2,h_first,V2,h_first,V1,SoA,V2,h_first,4
524,V6,v_first,V1,h_first,V2,h_first,V2,h_first,V1,SoA,V6,v_first,4
525,V6,v_first,V1,h_first,V2,h_first,V2,h_first,V2,AoS,V1,h_first,4
526,V6,v_first,V1,h_first,V2,h_first,V2,h_first,V2,AoS,V2,h_first,4
527,V6,v_first,V1,h_first,V2,h_first,V2,h_first,V2,AoS,V6,v_first,4
528,V6,v_first,V1,h_first,V2,h_first,V2,h_first,V6,AoS,V1,h_first,4
529,V6,v_first,V1,h_first,V2,h_first,V2,h_first,V6,AoS,V2,h_first,4
530,V6,v_first,V1,h_first,V2,h_first,V2,h_first,V6,AoS,V6,v_first,4
531,V6,v_first,V1,h_first,V2,h_first,V6,v_first,V1,SoA,V1,h_first,4
532,V6,v_first,V1,h_first,V2,h_first,V6,v_first,V1,SoA,V2,h_first,4
533,V6,v_first,V1,h_first,V2,h_first,V6,v_first,V1,SoA,V6,v_first,4
534,V6,v_first,V1,h_first,V2,h_first,V6,v_first,V2,AoS,V1,h_first,4
535,V6,v_first,V1,h_first,V2,h_first,V6,v_first,V2,AoS,V2,h_first,4
536,V6,v_first,V1,h_first,V2,h_first,V6,v_first,V2,AoS,V6,v_first,4
537,V6,v_first,V1,h_first,V2,h_first,V6,v_first,V6,AoS,V1,h_first,4
538,V6,v_first,V1,h_first,V2,h_first,V6,v_first,V6,AoS,V2,h_first,4
539,V6,v_first,V1,h_first,V2,h_first,V6,v_first,V6,AoS,V6,v_first,4
540,V6,v_first,V1,h_first,V6,v_first,V1,h_first,V1,SoA,V1,h_first,4
541,V6,v_first,V1,h_first,V6,v_first,V1,h_first,V1,SoA,V2,h_first,4
542,V6,v_first,V1,h_first,V6,v_first,V1,h_first,V1,SoA,V6,v_first,4
543,V6,v_first,V1,h_first,V6,v_first,V1,h_first,V2,AoS,V1,h_first,4
544,V6,v_first,V1,h_first,V6,v_first,V1,h_first,V2,AoS,V2,h_first,4
545,V6,v_first,V1,h_first,V6,v_first,V1,h_first,V2,AoS,V6,v_first,4
546,V6,v_first,V1,h_first,V6,v_first,V1,h_first,V6,AoS,V1,h_first,4
547,V6,v_first,V1,h_first,V6,v_first,V1,h_first,V6,AoS,V2,h_first,4
548,V6,v_first,V1,h_first,V6,v_first,V1,h_first,V6,AoS,V6,v_first,4
549,V6,v_first,V1,h_first,V6,v_first,V2,h_first,V1,SoA,V1,h_first,4
550,V6,v_first,V1,h_first,V6,v_first,V2,h_first,V1,SoA,V2,h_first,4
551,V6,v_first,V1,h_first,V6,v_first,V2,h_first,V1,SoA,V6,v_first,4
552,V6,v_first,V1,h_first,V6,v_first,V2,h_first,V2,AoS,V1,h_first,4
553,V6,v_first,V1,h_first,V6,v_first,V2,h_first,V2,AoS,V2,h_first,4
554,V6,v_first,V1,h_first,V6,v_first,V2,h_first,V2,AoS,V6,v_first,4
555,V6,v_first,V1,h_first,V6,v_first,V2,h_first,V6,AoS,V1,h_first,4
556,V6,v_first,V1,h_first,V6,v_first,V2,h_first,V6,AoS,V2,h_first,4
557,V6,v_first,V1,h_first,V6,v_first,V2,h_first,V6,AoS,V6,v_first,4
558,V6,v_first,V1,h_first,V6,v_first,V6,v_first,V1,SoA,V1,h_first,4
559,V6,v_first,V1,h_first,V6,v_first,V6,v_first,V1,SoA,V2,h_first,4
560,V6,v_first,V1,h_first,V6,v_first,V6,v_first,V1,SoA,V6,v_first,4
561,V6,v_first,V1,h_first,V6,v_first,V6,v_first,V2,AoS,V1,h_first,4
562,V6,v_first,V1,h_first,V6,v_first,V6,v_first,V2,AoS,V2,h_first,4
563,V6,v_first,V1,h_first,V6,v_first,V6,v_first,V2,AoS,V6,v_first,4
564,V6,v_first,V1,h_first,V6,v_first,V6,v_first,V6,AoS,V1,h_first,4
565,V6,v_first,V1,h_first,V6,v_first,V6,v_first,V6,AoS,V2,h_first,4
566,V6,v_first,V1,h_first,V6,v_first,V6,v_first,V6,AoS,V6,v_first,4
567,V6,v_first,V2,h_first,V1,h_first,V1,h_first,V1,SoA,V1,h_first,3
568,V6,v_first,V2,h_first,V1,h_first,V1,h_first,V1,SoA,V2,h_first,3
569,V6,v_first,V2,h_first,V1,h_first,V1,h_first,V1,SoA,V6,v_first,3
570,V6,v_first,V2,h_first,V1,h_first,V1,h_first,V2,AoS,V1,h_first,3
571,V6,v_first,V2,h_first,V1,h_first,V1,h_first,V2,AoS,V2,h_first,3
572,V6,v_first,V2,h_first,V1,h_first,V1,h_first,V2,AoS,V6,v_first,3
573,V6,v_first,V2,h_first,V1,h_first,V1,h_first,V6,AoS,V1,h_first,3
574,V6,v_first,V2,h_first,V1,h_first,V1,h_first,V6,AoS,V2,h_first,3
575,V6,v_first,V2,h_first,V1,h_first,V1,h_first,V6,AoS,V6,v_first,3
576,V6,v_first,V2,h_first,V1,h_first,V2,h_first,V1,SoA,V1,h_first,3
577,V6,v_first,V2,h_first,V1,h_first,V2,h_first,V1,SoA,V2,h_first,3
578,V6,v_first,V2,h_first,V1,h_first,V2,h_first,V1,SoA,V6,v_first,3
579,V6,v_first,V2,h_first,V1,h_first,V2,h_first,V2,AoS,V1,h_first,3
580,V6,v_first,V2,h_first,V1,h_first,V2,h_first,V2,AoS,V2,h_first,3
581,V6,v_first,V2,h_first,V1,h_first,V2,h_first,V2,AoS,V6,v_first,3
582,V6,v_first,V2,h_first,V1,h_first,V2,h_first,V6,AoS,V1,h_first,3
583,V6,v_first,V2,h_first,V1,h_first,V2,h_first,V6,AoS,V2,h_first,3
584,V6,v_first,V2,h_first,V1,h_first,V2,h_first,V6,AoS,V6,v_first,3
585,V6,v_first,V2,h_first,V1,h_first,V6,v_first,V1,SoA,V1,h_first,3
586,V6,v_first,V2,h_first,V1,h_first,V6,v_first,V1,SoA,V2,h_first,3
587,V6,v_first,V2,h_first,V1,h_first,V6,v_first,V1,SoA,V6,v_first,3
588,V6,v_first,V2,h_first,V1,h_first,V6,v_first,V2,AoS,V1,h_first,3
589,V6,v_first,V2,h_first,V1,h_first,V6,v_first,V2,AoS,V2,h_first,3
590,V6,v_first,V2,h_first,V1,h_first,V6,v_first,V2,AoS,V6,v_first,3
591,V6,v_first,V2,h_first,V1,h_first,V6,v_first,V6,AoS,V1,h_first,3
592,V6,v_first,V2,h_first,V1,h_first,V6,v_first,V6,AoS,V2,h_first,3
593,V6,v_first,V2,h_first,V1,h_first,V6,v_first,V6,AoS,V6,v_first,3
594,V6,v_first,V2,h_first,V2,h_first,V1,h_first,V1,SoA,V1,h_first,3
595,V6,v_first,V2,h_first,V2,h_first,V1,h_first,V1,SoA,V2,h_first,3
596,V6,v_first,V2,h_first,V2,h_first,V1,h_first,V1,SoA,V6,v_first,3
597,V6,v_first,V2,h_first,V2,h_first,V1,h_first,V2,AoS,V1,h_first,3
598,V6,v_first,V2,h_first,V2,h_first,V1,h_first,V2,AoS,V2,h_first,3
599,V6,v_first,V2,h_first,V2,h_first,V1,h_first,V2,AoS,V6,v_first,3
600,V6,v_first,V2,h_first,V2,h_first,V1,h_first,V6,AoS,V1,h_first,3
601,V6,v_first,V2,h_first,V2,h_first,V1,h_first,V6,AoS,V2,h_first,3
602,V6,v_first,V2,h_first,V2,h_first,V1,h_first,V6,AoS,V6,v_first,3
603,V6,v_first,V2,h_first,V2,h_first,V2,h_first,V1,SoA,V1,h_first,3
604,V6,v_first,V2,h_first,V2,h_first,V2,h_first,V1,SoA,V2,h_first,3
605,V6,v_first,V2,h_first,V2,h_first,V2,h_first,V1,SoA,V6,v_first,3
606,V6,v_first,V2,h_first,V2,h_first,V2,h_first,V2,AoS,V1,h_first,3
607,V6,v_first,V2,h_first,V2,h_first,V2,h_first,V2,AoS,V2,h_first,3
608,V6,v_first,V2,h_first,V2,h_first,V2,h_first,V2,AoS,V6,v_first,3
609,V6,v_first,V2,h_first,V2,h_first,V2,h_first,V6,AoS,V1,h_first,3
610,V6,v_first,V2,h_first,V2,h_first,V2,h_first,V6,AoS,V2,h_first,3
611,V6,v_first,V2,h_first,V2,h_first,V2,h_first,V6,AoS,V6,v_first,3
612,V6,v_first,V2,h_first,V2,h_first,V6,v_first,V1,SoA,V1,h_first,3
613,V6,v_first,V2,h_first,V2,h_first,V6,v_first,V1,SoA,V2,h_first,3
614,V6,v_first,V2,h_first,V2,h_first,V6,v_first,V1,SoA,V6,v_first,3
615,V6,v_first,V2,h_first,V2,h_first,V6,v_first,V2,AoS,V1,h_first,3
616,V6,v_first,V2,h_first,V2,h_first,V6,v_first,V2,AoS,V2,h_first,3
617,V6,v_first,V2,h_first,V2,h_first,V6,v_first,V2,AoS,V6,v_first,3
618,V6,v_first,V2,h_first,V2,h_first,V6,v_first,V6,AoS,V1,h_first,3
619,V6,v_first,V2,h_first,V2,h_first,V6,v_first,V6,AoS,V2,h_first,3
620,V6,v_first,V2,h_first,V2,h_first,V6,v_first,V6,AoS,V6,v_first,3
621,V6,v_first,V2,h_first,V6,v_first,V1,h_first,V1,SoA,V1,h_first,3
622,V6,v_first,V2,h_first,V6,v_first,V1,h_first,V1,SoA,V2,h_first,3
623,V6,v_first,V2,h_first,V6,v_first,V1,h_first,V1,SoA,V6,v_first,3
624,V6,v_first,V2,h_first,V6,v_first,V1,h_first,V2,AoS,V1,h_first,3
625,V6,v_first,V2,h_first,V6,v_first,V1,h_first,V2,AoS,V2,h_first,3
626,V6,v_first,V2,h_first,V6,v_first,V1,h_first,V2,AoS,V6,v_first,3
627,V6,v_first,V2,h_first,V6,v_first,V1,h_first,V6,AoS,V1,h_first,3
628,V6,v_first,V2,h_first,V6,v_first,V1,h_first,V6,AoS,V2,h_first,3
629,V6,v_first,V2,h_first,V6,v_first,V1,h_first,V6,AoS,V6,v_first,3
630,V6,v_first,V2,h_first,V6,v_first,V2,h_first,V1,SoA,V1,h_first,3
631,V6,v_first,V2,h_first,V6,v_first,V2,h_first,V1,SoA,V2,h_first,3
632,V6,v_first,V2,h_first,V6,v_first,V2,h_first,V1,SoA,V6,v_first,3
633,V6,v_first,V2,h_first,V6,v_first,V2,h_first,V2,AoS,V1,h_first,3
634,V6,v_first,V2,h_first,V6,v_first,V2,h_first,V2,AoS,V2,h_first,3
635,V6,v_first,V2,h_first,V6,v_first,V2,h_first,V2,AoS,V6,v_first,3
636,V6,v_first,V2,h_first,V6,v_first,V2,h_first,V6,AoS,V1,h_first,3
637,V6,v_first,V2,h_first,V6,v_first,V2,h_first,V6,AoS,V2,h_first,3
638,V6,v_first,V2,h_first,V6,v_first,V2,h_first,V6,AoS,V6,v_first,3
639,V6,v_first,V2,h_first,V6,v_first,V6,v_first,V1,SoA,V1,h_first,3
640,V6,v_first,V2,h_first,V6,v_first,V6,v_first,V1,SoA,V2,h_first,3
641,V6,v_first,V2,h_first,V6,v_first,V6,v_first,V1,SoA,V6,v_first,3
642,V6,v_first,V2,h_first,V6,v_first,V6,v_first,V2,AoS,V1,h_first,3
643,V6,v_first,V2,h_first,V6,v_first,V6,v_first,V2,AoS,V2,h_first,3
644,V6,v_first,V2,h_first,V6,v_first,V6,v_first,V2,AoS,V6,v_first,3
645,V6,v_first,V2,h_first,V6,v_first,V6,v_first,V6,AoS,V1,h_first,3
646,V6,v_first,V2,h_first,V6,v_first,V6,v_first,V6,AoS,V2,h_first,3
647,V6,v_first,V2,h_first,V6,v_first,V6,v_first,V6,AoS,V6,v_first,3
648,V6,v_first,V6,v_first,V1,h_first,V1,h_first,V1,SoA,V1,h_first,3
649,V6,v_first,V6,v_first,V1,h_first,V1,h_first,V1,SoA,V2,h_first,3
650,V6,v_first,V6,v_first,V1,h_first,V1,h_first,V1,SoA,V6,v_first,3
651,V6,v_first,V6,v_first,V1,h_first,V1,h_first,V2,AoS,V1,h_first,3
652,V6,v_first,V6,v_first,V1,h_first,V1,h_first,V2,AoS,V2,h_first,3
653,V6,v_first,V6,v_first,V1,h_first,V1,h_first,V2,AoS,V6,v_first,3
654,V6,v_first,V6,v_first,V1,h_first,V1,h_first,V6,AoS,V1,h_first,3
655,V6,v_first,V6,v_first,V1,h_first,V1,h_first,V6,AoS,V2,h_first,3
656,V6,v_first,V6,v_first,V1,h_first,V1,h_first,V6,AoS,V6,v_first,3
657,V6,v_first,V6,v_first,V1,h_first,V2,h_first,V1,SoA,V1,h_first,3
658,V6,v_first,V6,v_first,V1,h_first,V2,h_first,V1,SoA,V2,h_first,3
659,V6,v_first,V6,v_first,V1,h_first,V2,h_first,V1,SoA,V6,v_first,3
660,V6,v_first,V6,v_first,V1,h_first,V2,h_first,V2,AoS,V1,h_first,3
661,V6,v_first,V6,v_first,V1,h_first,V2,h_first,V2,AoS,V2,h_first,3
662,V6,v_first,V6,v_first,V1,h_first,V2,h_first,V2,AoS,V6,v_first,3
663,V6,v_first,V6,v_first,V1,h_first,V2,h_first,V6,AoS,V1,h_first,3
664,V6,v_first,V6,v_first,V1,h_first,V2,h_first,V6,AoS,V2,h_first,3
665,V6,v_first,V6,v_first,V1,h_first,V2,h_first,V6,AoS,V6,v_first,3
666,V6,v_first,V6,v_first,V1,h_first,V6,v_first,V1,SoA,V1,h_first,3
667,V6,v_first,V6,v_first,V1,h_first,V6,v_first,V1,SoA,V2,h_first,3
668,V6,v_first,V6,v_first,V1,h_first,V6,v_first,V1,SoA,V6,v_first,3
669,V6,v_first,V6,v_first,V1,h_first,V6,v_first,V2,AoS,V1,h_first,3
670,V6,v_first,V6,v_first,V1,h_first,V6,v_first,V2,AoS,V2,h_first,3
671,V6,v_first,V6,v_first,V1,h_first,V6,v_first,V2,AoS,V6,v_first,3
672,V6,v_first,V6,v_first,V1,h_first,V6,v_first,V6,AoS,V1,h_first,3
673,V6,v_first,V6,v_first,V1,h_first,V6,v_first,V6,AoS,V2,h_first,3
674,V6,v_first,V6,v_first,V1,h_first,V6,v_first,V6,AoS,V6,v_first,3
675,V6,v_first,V6,v_first,V2,h_first,V1,h_first,V1,SoA,V1,h_first,3
676,V6,v_first,V6,v_first,V2,h_first,V1,h_first,V1,SoA,V2,h_first,3
677,V6,v_first,V6,v_first,V2,h_first,V1,h_first,V1,SoA,V6,v_first,3
678,V6,v_first,V6,v_first,V2,h_first,V1,h_first,V2,AoS,V1,h_first,3
679,V6,v_first,V6,v_first,V2,h_first,V1,h_first,V2,AoS,V2,h_first,3
680,V6,v_first,V6,v_first,V2,h_first,V1,h_first,V2,AoS,V6,v_first,3
681,V6,v_first,V6,v_first,V2,h_first,V1,h_first,V6,AoS,V1,h_first,3
682,V6,v_first,V6,v_first,V2,h_first,V1,h_first,V6,AoS,V2,h_first,3
683,V6,v_first,V6,v_first,V2,h_first,V1,h_first,V6,AoS,V6,v_first,3
684,V6,v_first,V6,v_first,V2,h_first,V2,h_first,V1,SoA,V1,h_first,3
685,V6,v_first,V6,v_first,V2,h_first,V2,h_first,V1,SoA,V2,h_first,3
686,V6,v_first,V6,v_first,V2,h_first,V2,h_first,V1,SoA,V6,v_first,3
687,V6,v_first,V6,v_first,V2,h_first,V2,h_first,V2,AoS,V1,h_first,3
688,V6,v_first,V6,v_first,V2,h_first,V2,h_first,V2,AoS,V2,h_first,3
689,V6,v_first,V6,v_first,V2,h_first,V2,h_first,V2,AoS,V6,v_first,3
690,V6,v_first,V6,v_first,V2,h_first,V2,h_first,V6,AoS,V1,h_first,3
691,V6,v_first,V6,v_first,V2,h_first,V2,h_first,V6,AoS,V2,h_first,3
692,V6,v_first,V6,v_first,V2,h_first,V2,h_first,V6,AoS,V6,v_first,3
693,V6,v_first,V6,v_first,V2,h_first,V6,v_first,V1,SoA,V1,h_first,3
694,V6,v_first,V6,v_first,V2,h_first,V6,v_first,V1,SoA,V2,h_first,3
695,V6,v_first,V6,v_first,V2,h_first,V6,v_first,V1,SoA,V6,v_first,3
696,V6,v_first,V6,v_first,V2,h_first,V6,v_first,V2,AoS,V1,h_first,3
697,V6,v_first,V6,v_first,V2,h_first,V6,v_first,V2,AoS,V2,h_first,3
698,V6,v_first,V6,v_first,V2,h_first,V6,v_first,V2,AoS,V6,v_first,3
699,V6,v_first,V6,v_first,V2,h_first,V6,v_first,V6,AoS,V1,h_first,3
700,V6,v_first,V6,v_first,V2,h_first,V6,v_first,V6,AoS,V2,h_first,3
701,V6,v_first,V6,v_first,V2,h_first,V6,v_first,V6,AoS,V6,v_first,3
702,V6,v_first,V6,v_first,V6,v_first,V1,h_first,V1,SoA,V1,h_first,3
703,V6,v_first,V6,v_first,V6,v_first,V1,h_first,V1,SoA,V2,h_first,3
704,V6,v_first,V6,v_first,V6,v_first,V1,h_first,V1,SoA,V6,v_first,3
705,V6,v_first,V6,v_first,V6,v_first,V1,h_first,V2,AoS,V1,h_first,3
706,V6,v_first,V6,v_first,V6,v_first,V1,h_first,V2,AoS,V2,h_first,3
707,V6,v_first,V6,v_first,V6,v_first,V1,h_first,V2,AoS,V6,v_first,3
708,V6,v_first,V6,v_first,V6,v_first,V1,h_first,V6,AoS,V1,h_first,3
709,V6,v_first,V6,v_first,V6,v_first,V1,h_first,V6,AoS,V2,h_first,3
710,V6,v_first,V6,v_first,V6,v_first,V1,h_first,V6,AoS,V6,v_first,3
711,V6,v_first,V6,v_first,V6,v_first,V2,h_first,V1,SoA,V1,h_first,3
712,V6,v_first,V6,v_first,V6,v_first,V2,h_first,V1,SoA,V2,h_first,3
713,V6,v_first,V6,v_first,V6,v_first,V2,h_first,V1,SoA,V6,v_first,3
714,V6,v_first,V6,v_first,V6,v_first,V2,h_first,V2,AoS,V1,h_first,3
715,V6,v_first,V6,v_first,V6,v_first,V2,h_first,V2,AoS,V2,h_first,3
716,V6,v_first,V6,v_first,V6,v_first,V2,h_first,V2,AoS,V6,v_first,3
717,V6,v_first,V6,v_first,V6,v_first,V2,h_first,V6,AoS,V1,h_first,3
718,V6,v_first,V6,v_first,V6,v_first,V2,h_first,V6,AoS,V2,h_first,3
719,V6,v_first,V6,v_first,V6,v_first,V2,h_first,V6,AoS,V6,v_first,3
720,V6,v_first,V6,v_first,V6,v_first,V6,v_first,V1,SoA,V1,h_first,3
721,V6,v_first,V6,v_first,V6,v_first,V6,v_first,V1,SoA,V2,h_first,3
722,V6,v_first,V6,v_first,V6,v_first,V6,v_first,V1,SoA,V6,v_first,3
723,V6,v_first,V6,v_first,V6,v_first,V6,v_first,V2,AoS,V1,h_first,3
724,V6,v_first,V6,v_first,V6,v_first,V6,v_first,V2,AoS,V2,h_first,3
725,V6,v_first,V6,v_first,V6,v_first,V6,v_first,V2,AoS,V6,v_first,3
726,V6,v_first,V6,v_first,V6,v_first,V6,v_first,V6,AoS,V1,h_first,3
727,V6,v_first,V6,v_first,V6,v_first,V6,v_first,V6,AoS,V2,h_first,3
728,V6,v_first,V6,v_first,V6,v_first,V6,v_first,V6,AoS,V6,v_first,3
